AllDepartments,Areas,Building,CoursePrefix,Credits,DOW,DOWSort,Department,HasBio,InstructionMethod,Instructors,InstructorsFullName,IsWritingIntensive,Level,Location,MaxSeats,Meetings,OfferingName,OpenSeats,Repeatable,SSS_SectionsID,SchoolName,SeatsAvailable,SectionCoReqNotes,SectionCoRequisites,SectionDetails,SectionName,SectionRegRestrictions,Status,SubDepartment,Term,TermStartDate,Term_IDR,Term_JSS,TimeOfDay,Title,Waitlisted
EN Applied Mathematics & Statistics,"EQ, Science and Data","Hodson, Latrobe",EN,4.00,29,01^10:00:00,EN Applied Mathematics & Statistics,,"In-person, In-person",H. Vandecasteele,"Vandecasteele, Hannes",No,Lower Level Undergraduate,Homewood Campus,17,"MWF 10:00AM - 10:50AM, Th 9:00AM - 9:50AM",EN.553.111,0,N,807547,Whiting School of Engineering,0/17,,,,01,,Closed,,Spring 2025,1/21/2025 12:00:00 AM,Spring 2025,Spring 2025,Morning,Statistical Analysis I,0
EN Applied Mathematics & Statistics,"EQ, Science and Data","Ames, Latrobe",EN,4.00,29,01^10:00:00,EN Applied Mathematics & Statistics,,"In-person, In-person",H. Vandecasteele,"Vandecasteele, Hannes",No,Lower Level Undergraduate,Homewood Campus,19,"MWF 10:00AM - 10:50AM, Th 10:30AM - 11:20AM",EN.553.111,3,N,807548,Whiting School of Engineering,3/19,,,,02,,Closed,,Spring 2025,1/21/2025 12:00:00 AM,Spring 2025,Spring 2025,Morning,Statistical Analysis I,0
EN Applied Mathematics & Statistics,"Q, Science and Data","Bloomberg, Krieger",EN,4.00,29,01^10:00:00,EN Applied Mathematics & Statistics,,"In-person, In-person",A. Nakade,"Nakade, Apurva",No,Lower Level Undergraduate,Homewood Campus,24,"MWF 10:00AM - 10:50AM, Th 9:00AM - 9:50AM",EN.553.171,16,N,807549,Whiting School of Engineering,16/24,,,,01,,Closed,,Spring 2025,1/21/2025 12:00:00 AM,Spring 2025,Spring 2025,Morning,Discrete Mathematics,0
EN Applied Mathematics & Statistics,"Q, Science and Data","Bloomberg, Krieger",EN,4.00,29,01^10:00:00,EN Applied Mathematics & Statistics,,"In-person, In-person",A. Nakade,"Nakade, Apurva",No,Lower Level Undergraduate,Homewood Campus,24,"MWF 10:00AM - 10:50AM, Th 10:30AM - 11:20AM",EN.553.171,7,N,807550,Whiting School of Engineering,7/24,,,,02,,Closed,,Spring 2025,1/21/2025 12:00:00 AM,Spring 2025,Spring 2025,Morning,Discrete Mathematics,0
EN Applied Mathematics & Statistics,"Q, Science and Data","Hodson, Maryland",EN,4.00,29,01^09:00:00,EN Applied Mathematics & Statistics,,"In-person, In-person",S. Hong,"Hong, Su Ji",No,Lower Level Undergraduate,Homewood Campus,19,"MWF 9:00AM - 9:50AM, Th 9:00AM - 9:50AM",EN.553.172,12,N,816164,Whiting School of Engineering,12/19,,,,01,,Closed,,Spring 2025,1/21/2025 12:00:00 AM,Spring 2025,Spring 2025,Morning,Honors Discrete Mathematics,0
EN Applied Mathematics & Statistics,"Q, Science and Data",Bloomberg,EN,4.00,29,01^09:00:00,EN Applied Mathematics & Statistics,,"In-person, In-person",T. Jones,"Jones, Taylor",No,Lower Level Undergraduate,Homewood Campus,24,"MWF 9:00AM - 9:50AM, Th 9:00AM - 9:50AM",EN.553.211,0,N,807583,Whiting School of Engineering,0/24,,,,01,,Closed,,Spring 2025,1/21/2025 12:00:00 AM,Spring 2025,Spring 2025,Morning,Probability and Statistics for the Life Sciences,0
EN Applied Mathematics & Statistics,"Q, Science and Data",Bloomberg,EN,4.00,29,01^09:00:00,EN Applied Mathematics & Statistics,,"In-person, In-person",T. Jones,"Jones, Taylor",No,Lower Level Undergraduate,Homewood Campus,24,"MWF 9:00AM - 9:50AM, Th 4:30PM - 5:20PM",EN.553.211,1,N,807584,Whiting School of Engineering,1/24,,,,02,,Closed,,Spring 2025,1/21/2025 12:00:00 AM,Spring 2025,Spring 2025,Other,Probability and Statistics for the Life Sciences,0
EN Applied Mathematics & Statistics,"Q, Science and Data",Maryland,EN,4.00,29,01^10:00:00,EN Applied Mathematics & Statistics,,"In-person, In-person",A. Acharyya,"Acharyya, Aranyak",No,Lower Level Undergraduate,Homewood Campus,24,"MWF 10:00AM - 10:50AM, Th 12:00PM - 12:50PM",EN.553.211,0,N,807585,Whiting School of Engineering,0/24,,,,03,,Closed,,Spring 2025,1/21/2025 12:00:00 AM,Spring 2025,Spring 2025,Other,Probability and Statistics for the Life Sciences,0
EN Applied Mathematics & Statistics,"Q, Science and Data",Maryland,EN,4.00,29,01^10:00:00,EN Applied Mathematics & Statistics,,"In-person, In-person",A. Acharyya,"Acharyya, Aranyak",No,Lower Level Undergraduate,Homewood Campus,25,"MWF 10:00AM - 10:50AM, Th 1:30PM - 2:20PM",EN.553.211,3,N,807586,Whiting School of Engineering,3/25,,,,04,,Closed,,Spring 2025,1/21/2025 12:00:00 AM,Spring 2025,Spring 2025,Other,Probability and Statistics for the Life Sciences,0
EN Applied Mathematics & Statistics,"Q, Science and Data",Maryland,EN,4.00,29,01^11:00:00,EN Applied Mathematics & Statistics,,"In-person, In-person",A. Acharyya,"Acharyya, Aranyak",No,Lower Level Undergraduate,Homewood Campus,24,"MWF 11:00AM - 11:50AM, Th 3:00PM - 3:50PM",EN.553.211,0,N,807587,Whiting School of Engineering,0/24,,,,05,,Closed,,Spring 2025,1/21/2025 12:00:00 AM,Spring 2025,Spring 2025,Other,Probability and Statistics for the Life Sciences,0
EN Applied Mathematics & Statistics,"Q, Science and Data","Ames, Maryland",EN,4.00,29,01^11:00:00,EN Applied Mathematics & Statistics,,"In-person, In-person",A. Acharyya,"Acharyya, Aranyak",No,Lower Level Undergraduate,Homewood Campus,25,"MWF 11:00AM - 11:50AM, Th 4:30PM - 5:20PM",EN.553.211,0,N,807588,Whiting School of Engineering,0/25,,,,06,,Closed,,Spring 2025,1/21/2025 12:00:00 AM,Spring 2025,Spring 2025,Other,Probability and Statistics for the Life Sciences,0
EN Applied Mathematics & Statistics,"Q, Science and Data","Ames, Shriver Hall",EN,4.00,29,01^12:00:00,EN Applied Mathematics & Statistics,,"In-person, In-person",R. Zheng,"Zheng, Runbing",No,Lower Level Undergraduate,Homewood Campus,16,"MWF 12:00PM - 12:50PM, Th 3:00PM - 3:50PM",EN.553.211,1,N,807589,Whiting School of Engineering,1/16,,,,07,,Closed,,Spring 2025,1/21/2025 12:00:00 AM,Spring 2025,Spring 2025,Afternoon,Probability and Statistics for the Life Sciences,0
EN Applied Mathematics & Statistics,"Q, Science and Data","Maryland, Shriver Hall",EN,4.00,29,01^12:00:00,EN Applied Mathematics & Statistics,,"In-person, In-person",R. Zheng,"Zheng, Runbing",No,Lower Level Undergraduate,Homewood Campus,9,"MWF 12:00PM - 12:50PM, Th 6:00PM - 6:50PM",EN.553.211,1,N,807590,Whiting School of Engineering,1/9,,,,08,,Closed,,Spring 2025,1/21/2025 12:00:00 AM,Spring 2025,Spring 2025,Other,Probability and Statistics for the Life Sciences,0
EN Applied Mathematics & Statistics,"EQ, Science and Data","Bloomberg, Maryland",EN,4.00,23,01^12:00:00,EN Applied Mathematics & Statistics,,"In-person, In-person",M. Micheli,"Micheli, Mario",No,Lower Level Undergraduate,Homewood Campus,24,"MWF 12:00PM - 12:50PM, T 3:00PM - 3:50PM",EN.553.291,0,N,807552,Whiting School of Engineering,0/24,,,,01,,Closed,,Spring 2025,1/21/2025 12:00:00 AM,Spring 2025,Spring 2025,Afternoon,Linear Algebra and Differential Equations,0
EN Applied Mathematics & Statistics,"EQ, Science and Data","Bloomberg, Hodson",EN,4.00,23,01^12:00:00,EN Applied Mathematics & Statistics,,"In-person, In-person",M. Micheli,"Micheli, Mario",No,Lower Level Undergraduate,Homewood Campus,24,"MWF 12:00PM - 12:50PM, T 4:30PM - 5:20PM",EN.553.291,0,N,807553,Whiting School of Engineering,0/24,,,,02,,Closed,,Spring 2025,1/21/2025 12:00:00 AM,Spring 2025,Spring 2025,Afternoon,Linear Algebra and Differential Equations,0
EN Applied Mathematics & Statistics,"EQ, Science and Data",Maryland,EN,4.00,23,01^13:30:00,EN Applied Mathematics & Statistics,,"In-person, In-person",A. Titi,"Titi, Aseel",No,Lower Level Undergraduate,Homewood Campus,24,"MWF 1:30PM - 2:20PM, T 6:00PM - 6:50PM",EN.553.291,4,N,807554,Whiting School of Engineering,4/24,,,,03,,Closed,,Spring 2025,1/21/2025 12:00:00 AM,Spring 2025,Spring 2025,Other,Linear Algebra and Differential Equations,0
EN Applied Mathematics & Statistics,"EQ, Science and Data",Maryland,EN,4.00,23,01^13:30:00,EN Applied Mathematics & Statistics,,"In-person, In-person",A. Titi,"Titi, Aseel",No,Lower Level Undergraduate,Homewood Campus,24,"MWF 1:30PM - 2:20PM, T 3:00PM - 3:50PM",EN.553.291,4,N,807555,Whiting School of Engineering,4/24,,,,04,,Closed,,Spring 2025,1/21/2025 12:00:00 AM,Spring 2025,Spring 2025,Afternoon,Linear Algebra and Differential Equations,0
EN Applied Mathematics & Statistics,"EQ, Science and Data","Maryland, Shaffer",EN,4.00,23,01^15:00:00,EN Applied Mathematics & Statistics,,"In-person, In-person",T. Yoon,"Yoon, TaeHo",No,Lower Level Undergraduate,Homewood Campus,24,"MWF 3:00PM - 3:50PM, T 6:00PM - 6:50PM",EN.553.291,19,N,807556,Whiting School of Engineering,19/24,,,,05,,Closed,,Spring 2025,1/21/2025 12:00:00 AM,Spring 2025,Spring 2025,Other,Linear Algebra and Differential Equations,0
EN Applied Mathematics & Statistics,"EQ, Science and Data","Bloomberg, Shaffer",EN,4.00,23,01^15:00:00,EN Applied Mathematics & Statistics,,"In-person, In-person",T. Yoon,"Yoon, TaeHo",No,Lower Level Undergraduate,Homewood Campus,25,"MWF 3:00PM - 3:50PM, T 4:30PM - 5:20PM",EN.553.291,9,N,807557,Whiting School of Engineering,9/25,,,,06,,Closed,,Spring 2025,1/21/2025 12:00:00 AM,Spring 2025,Spring 2025,Afternoon,Linear Algebra and Differential Equations,0
EN Applied Mathematics & Statistics,"EQ, Science and Data","Krieger, Wyman Park",EN,4.00,23,01^13:30:00,EN Applied Mathematics & Statistics,,"In-person, In-person",M. Micheli,"Micheli, Mario",No,Lower Level Undergraduate,Homewood Campus,24,"MWF 1:30PM - 2:20PM, T 3:00PM - 3:50PM",EN.553.295,6,N,808215,Whiting School of Engineering,6/24,,,,01,,Closed,,Spring 2025,1/21/2025 12:00:00 AM,Spring 2025,Spring 2025,Afternoon,Linear Algebra for Data Science,0
EN Applied Mathematics & Statistics^EN Computer Science,"EQ, Science and Data","Gilman, Krieger",EN,4.00,23,01^13:30:00,EN Applied Mathematics & Statistics,,"In-person, In-person",M. Micheli,"Micheli, Mario",No,Lower Level Undergraduate,Homewood Campus,24,"MWF 1:30PM - 2:20PM, T 4:30PM - 5:20PM",EN.553.295,10,N,808216,Whiting School of Engineering,10/24,,,,02,,Closed,,Spring 2025,1/21/2025 12:00:00 AM,Spring 2025,Spring 2025,Afternoon,Linear Algebra for Data Science,0
EN Applied Mathematics & Statistics,"EQ, Science and Data","Bloomberg, Krieger",EN,4.00,23,01^13:30:00,EN Applied Mathematics & Statistics,,"In-person, In-person",M. Micheli,"Micheli, Mario",No,Lower Level Undergraduate,Homewood Campus,20,"MWF 1:30PM - 2:20PM, T 6:00PM - 6:50PM",EN.553.295,12,N,808217,Whiting School of Engineering,12/20,,,,03,,Closed,,Spring 2025,1/21/2025 12:00:00 AM,Spring 2025,Spring 2025,Other,Linear Algebra for Data Science,0
EN Applied Mathematics & Statistics,"EQ, Science and Data",Bloomberg,EN,4.00,23,01^10:00:00,EN Applied Mathematics & Statistics,,"In-person, In-person",T. Jones,"Jones, Taylor",No,Upper Level Undergraduate,Homewood Campus,25,"MWF 10:00AM - 10:50AM, T 12:00PM - 12:50PM",EN.553.311,2,N,807558,Whiting School of Engineering,2/25,,,,01,,Closed,,Spring 2025,1/21/2025 12:00:00 AM,Spring 2025,Spring 2025,Other,Intermediate Probability and Statistics,0
EN Applied Mathematics & Statistics,"EQ, Science and Data","Bloomberg, Maryland",EN,4.00,23,01^10:00:00,EN Applied Mathematics & Statistics,,"In-person, In-person",T. Jones,"Jones, Taylor",No,Upper Level Undergraduate,Homewood Campus,20,"MWF 10:00AM - 10:50AM, T 1:30PM - 2:20PM",EN.553.311,3,N,807559,Whiting School of Engineering,3/20,,,,02,,Closed,,Spring 2025,1/21/2025 12:00:00 AM,Spring 2025,Spring 2025,Other,Intermediate Probability and Statistics,0
EN Applied Mathematics & Statistics,"EQ, Science and Data",Bloomberg,EN,4.00,23,01^11:00:00,EN Applied Mathematics & Statistics,,"In-person, In-person",T. Jones,"Jones, Taylor",No,Upper Level Undergraduate,Homewood Campus,24,"MWF 11:00AM - 11:50AM, T 9:00AM - 9:50AM",EN.553.311,3,N,807560,Whiting School of Engineering,3/24,,,,03,,Closed,,Spring 2025,1/21/2025 12:00:00 AM,Spring 2025,Spring 2025,Morning,Intermediate Probability and Statistics,0
EN Applied Mathematics & Statistics,"EQ, Science and Data","Bloomberg, Krieger",EN,4.00,23,01^11:00:00,EN Applied Mathematics & Statistics,,"In-person, In-person",T. Jones,"Jones, Taylor",No,Upper Level Undergraduate,Homewood Campus,24,"MWF 11:00AM - 11:50AM, T 4:30PM - 5:20PM",EN.553.311,5,N,807561,Whiting School of Engineering,5/24,,,,04,,Closed,,Spring 2025,1/21/2025 12:00:00 AM,Spring 2025,Spring 2025,Other,Intermediate Probability and Statistics,0
EN Applied Mathematics & Statistics,"EQ, Science and Data","Hodson, Wyman Park",EN,4.00,23,01^12:00:00,EN Applied Mathematics & Statistics,,"In-person, In-person",A. Nakade,"Nakade, Apurva",No,Upper Level Undergraduate,Homewood Campus,11,"MWF 12:00PM - 12:50PM, T 9:00AM - 9:50AM",EN.553.311,3,N,807562,Whiting School of Engineering,3/11,,,,05,,Closed,,Spring 2025,1/21/2025 12:00:00 AM,Spring 2025,Spring 2025,Other,Intermediate Probability and Statistics,0
EN Applied Mathematics & Statistics,"EQ, Science and Data","Shriver Hall, Wyman Park",EN,4.00,23,01^12:00:00,EN Applied Mathematics & Statistics,,"In-person, In-person",A. Nakade,"Nakade, Apurva",No,Upper Level Undergraduate,Homewood Campus,14,"MWF 12:00PM - 12:50PM, T 3:00PM - 3:50PM",EN.553.311,3,N,807563,Whiting School of Engineering,3/14,,,,06,,Closed,,Spring 2025,1/21/2025 12:00:00 AM,Spring 2025,Spring 2025,Afternoon,Intermediate Probability and Statistics,0
EN Applied Mathematics & Statistics,"EQ, Science and Data","Bloomberg, Hodson",EN,4.00,23,01^13:30:00,EN Applied Mathematics & Statistics,,"In-person, In-person",S. Hong,"Hong, Su Ji",No,Upper Level Undergraduate,Homewood Campus,20,"MWF 1:30PM - 2:20PM, T 4:30PM - 5:20PM",EN.553.311,0,N,807564,Whiting School of Engineering,0/20,,,,07,,Closed,,Spring 2025,1/21/2025 12:00:00 AM,Spring 2025,Spring 2025,Afternoon,Intermediate Probability and Statistics,0
EN Applied Mathematics & Statistics,"EQ, Science and Data",Bloomberg,EN,4.00,23,01^13:30:00,EN Applied Mathematics & Statistics,,"In-person, In-person",S. Hong,"Hong, Su Ji",No,Upper Level Undergraduate,Homewood Campus,20,"MWF 1:30PM - 2:20PM, T 6:00PM - 6:50PM",EN.553.311,9,N,807565,Whiting School of Engineering,9/20,,,,08,,Closed,,Spring 2025,1/21/2025 12:00:00 AM,Spring 2025,Spring 2025,Other,Intermediate Probability and Statistics,0
EN Applied Mathematics & Statistics,"EQ, Science and Data","Bloomberg, Krieger",EN,4.00,23,01^15:00:00,EN Applied Mathematics & Statistics,,"In-person, In-person",S. Hong,"Hong, Su Ji",No,Upper Level Undergraduate,Homewood Campus,24,"MWF 3:00PM - 3:50PM, T 1:30PM - 2:20PM",EN.553.311,16,N,816191,Whiting School of Engineering,16/24,,,,09,,Closed,,Spring 2025,1/21/2025 12:00:00 AM,Spring 2025,Spring 2025,Afternoon,Intermediate Probability and Statistics,0
EN Applied Mathematics & Statistics,"EQ, Science and Data","Bloomberg, Wyman Park",EN,4.00,23,01^15:00:00,EN Applied Mathematics & Statistics,,"In-person, In-person",S. Hong,"Hong, Su Ji",No,Upper Level Undergraduate,Homewood Campus,8,"MWF 3:00PM - 3:50PM, T 3:00PM - 3:50PM",EN.553.311,0,N,816192,Whiting School of Engineering,0/8,,,,10,,Closed,,Spring 2025,1/21/2025 12:00:00 AM,Spring 2025,Spring 2025,Afternoon,Intermediate Probability and Statistics,0
EN Applied Mathematics & Statistics,"EQ, Science and Data",Wyman Park,EN,3.00,10,02^12:00:00,EN Applied Mathematics & Statistics,,In-person,F. Torcaso,"Torcaso, Fred",No,Upper Level Undergraduate,Homewood Campus,8,TTh 12:00PM - 1:15PM,EN.553.312,1,N,808939,Whiting School of Engineering,1/8,,,,01,,Closed,,Spring 2025,1/21/2025 12:00:00 AM,Spring 2025,Spring 2025,Afternoon,Intermediate Probability and Statistics II,0
EN Applied Mathematics & Statistics,EQ,Hodson,EN,3.00,5,01^15:00:00,EN Applied Mathematics & Statistics,,In-person,F. Santosa,"Santosa, Fadil",No,Upper Level Undergraduate,Homewood Campus,20,MW 3:00PM - 4:15PM,EN.553.335,0,N,808219,Whiting School of Engineering,0/20,,,,01,,Closed,,Spring 2025,1/21/2025 12:00:00 AM,Spring 2025,Spring 2025,Afternoon,Mathematics for a Better World,0
EN Applied Mathematics & Statistics,"EQ, Science and Data","Ames, Maryland",EN,4.00,29,01^10:00:00,EN Applied Mathematics & Statistics,,"In-person, In-person",Y. Wang,"Wang, Yuqing",No,Upper Level Undergraduate,Homewood Campus,24,"MWF 10:00AM - 10:50AM, Th 9:00AM - 9:50AM",EN.553.361,4,N,807656,Whiting School of Engineering,4/24,,,,01,,Closed,,Spring 2025,1/21/2025 12:00:00 AM,Spring 2025,Spring 2025,Morning,Introduction to Optimization,0
EN Applied Mathematics & Statistics,"EQ, Science and Data","Ames, Gilman",EN,4.00,29,01^10:00:00,EN Applied Mathematics & Statistics,,"In-person, In-person",Y. Wang,"Wang, Yuqing",No,Upper Level Undergraduate,Homewood Campus,25,"MWF 10:00AM - 10:50AM, Th 3:00PM - 3:50PM",EN.553.361,4,N,807657,Whiting School of Engineering,4/25,,,,02,,Closed,,Spring 2025,1/21/2025 12:00:00 AM,Spring 2025,Spring 2025,Other,Introduction to Optimization,0
EN Applied Mathematics & Statistics,"EQ, Science and Data","Gilman, Krieger",EN,4.00,23,01^12:00:00,EN Applied Mathematics & Statistics,,"In-person, In-person",D. Fishkind,"Fishkind, Donniell",No,Upper Level Undergraduate,Homewood Campus,16,"MWF 12:00PM - 12:50PM, T 4:30PM - 5:20PM",EN.553.362,9,N,807575,Whiting School of Engineering,9/16,,,,01,,Closed,,Spring 2025,1/21/2025 12:00:00 AM,Spring 2025,Spring 2025,Afternoon,Introduction to Optimization II,0
EN Applied Mathematics & Statistics,"EQ, Science and Data","Bloomberg, Hodson",EN,4.00,29,01^11:00:00,EN Applied Mathematics & Statistics,,"In-person, In-person",D. Fishkind,"Fishkind, Donniell",No,Upper Level Undergraduate,Homewood Campus,30,"MWF 11:00AM - 11:50AM, Th 4:30PM - 5:20PM",EN.553.371,12,N,807661,Whiting School of Engineering,12/30,,,,01,,Closed,,Spring 2025,1/21/2025 12:00:00 AM,Spring 2025,Spring 2025,Other,Cryptology and Coding,0
EN Applied Mathematics & Statistics,"EQ, Science and Data","Krieger, Maryland",EN,4.00,7,01^16:30:00,EN Applied Mathematics & Statistics,,"In-person, In-person",B. Grimmer,"Grimmer, Ben",No,Upper Level Undergraduate,Homewood Campus,22,"MW 4:30PM - 5:45PM, T 3:00PM - 3:50PM",EN.553.385,2,N,808075,Whiting School of Engineering,2/22,,,,01,,Closed,,Spring 2025,1/21/2025 12:00:00 AM,Spring 2025,Spring 2025,Afternoon,Introduction to Computational Mathematics,0
EN Applied Mathematics & Statistics,"EQ, Science and Data","Ames, Maryland",EN,4.00,7,01^16:30:00,EN Applied Mathematics & Statistics,,"In-person, In-person",B. Grimmer,"Grimmer, Ben",No,Upper Level Undergraduate,Homewood Campus,25,"MW 4:30PM - 5:45PM, T 4:30PM - 5:20PM",EN.553.385,1,N,808076,Whiting School of Engineering,1/25,,,,02,,Closed,,Spring 2025,1/21/2025 12:00:00 AM,Spring 2025,Spring 2025,Afternoon,Introduction to Computational Mathematics,0
EN Applied Mathematics & Statistics,"EQ, Science and Data","Gilman, Maryland",EN,4.00,29,01^09:00:00,EN Applied Mathematics & Statistics,,"In-person, In-person",B. Castello,"Castello, Beryl",No,Upper Level Undergraduate,Homewood Campus,10,"MWF 9:00AM - 9:50AM, Th 4:30PM - 5:20PM",EN.553.400,4,N,808101,Whiting School of Engineering,4/10,,,,01,,Closed,,Spring 2025,1/21/2025 12:00:00 AM,Spring 2025,Spring 2025,Other,Mathematical Modeling and Consulting,0
EN Applied Mathematics & Statistics,"Q, Science and Data",Hodson,EN,3.00,17,01^17:00:00,EN Applied Mathematics & Statistics,,In-person,A. Clark,"Clark, Antwan D.",No,Upper Level Undergraduate,Homewood Campus,5,MF 5:00PM - 6:15PM,EN.553.401,3,N,816193,Whiting School of Engineering,3/5,,,,01,,Closed,,Spring 2025,1/21/2025 12:00:00 AM,Spring 2025,Spring 2025,Other,Introduction to Research in Applied Mathematics and Statistics,0
EN Applied Mathematics & Statistics,"Q, Science and Data",Bloomberg,EN,4.00,17,01^16:30:00,EN Applied Mathematics & Statistics,,"In-person, In-person",A. Kearsley,"Kearsley, Anthony José",No,Upper Level Undergraduate,Homewood Campus,10,"M 4:30PM - 7:30PM, F 12:00PM - 12:50PM",EN.553.402,0,N,808975,Whiting School of Engineering,0/10,,,,01,,Closed,,Spring 2025,1/21/2025 12:00:00 AM,Spring 2025,Spring 2025,Other,Research and Design in Applied Mathematics: Data Mining,0
EN Applied Mathematics & Statistics,"EQ, Science and Data","Bloomberg, Maryland",EN,4.00,13,01^15:00:00,EN Applied Mathematics & Statistics,,"In-person, In-person",K. OHare,"OHare, Kaiying",No,Upper Level Undergraduate,Homewood Campus,18,"MW 3:00PM - 4:15PM, Th 6:00PM - 6:50PM",EN.553.413,3,N,808976,Whiting School of Engineering,3/18,,,,01,,Closed,,Spring 2025,1/21/2025 12:00:00 AM,Spring 2025,Spring 2025,Other,Applied Statistics and Data Analysis I,0
EN Applied Mathematics & Statistics,"EQ, Science and Data",Remsen Hall,EN,3.00,5,01^15:00:00,EN Applied Mathematics & Statistics,,In-person,S. Kushnarev,"Kushnarev, Sergey",No,Upper Level Undergraduate,Homewood Campus,9,MW 3:00PM - 4:15PM,EN.553.414,8,N,807601,Whiting School of Engineering,8/9,,,,01,,Closed,,Spring 2025,1/21/2025 12:00:00 AM,Spring 2025,Spring 2025,Afternoon,Applied Statistics and Data Analysis II,0
EN Applied Mathematics & Statistics,"EQ, Science and Data","Bloomberg, Maryland",EN,4.00,29,01^13:30:00,EN Applied Mathematics & Statistics,,"In-person, In-person",F. Torcaso,"Torcaso, Fred",No,Upper Level Undergraduate,Homewood Campus,25,"MWF 1:30PM - 2:20PM, Th 12:00PM - 12:50PM",EN.553.420,18,N,807579,Whiting School of Engineering,18/25,,,,01,,Closed,,Spring 2025,1/21/2025 12:00:00 AM,Spring 2025,Spring 2025,Afternoon,Probability,0
EN Applied Mathematics & Statistics,"EQ, Science and Data","Bloomberg, Maryland",EN,4.00,29,01^13:30:00,EN Applied Mathematics & Statistics,,"In-person, In-person",F. Torcaso,"Torcaso, Fred",No,Upper Level Undergraduate,Homewood Campus,25,"MWF 1:30PM - 2:20PM, Th 3:00PM - 3:50PM",EN.553.420,18,N,807580,Whiting School of Engineering,18/25,,,,02,,Closed,,Spring 2025,1/21/2025 12:00:00 AM,Spring 2025,Spring 2025,Afternoon,Probability,0
EN Applied Mathematics & Statistics,"EQ, Science and Data","Hodson, Maryland",EN,4.00,29,01^13:30:00,EN Applied Mathematics & Statistics,,"In-person, In-person",F. Torcaso,"Torcaso, Fred",No,Upper Level Undergraduate,Homewood Campus,25,"MWF 1:30PM - 2:20PM, Th 4:30PM - 5:20PM",EN.553.420,15,N,807581,Whiting School of Engineering,15/25,,,,03,,Closed,,Spring 2025,1/21/2025 12:00:00 AM,Spring 2025,Spring 2025,Afternoon,Probability,0
EN Applied Mathematics & Statistics,"Q, Science and Data","Bloomberg, Hodson",EN,4.00,13,01^12:00:00,EN Applied Mathematics & Statistics,,"In-person, In-person",F. Torcaso,"Torcaso, Fred",No,Upper Level Undergraduate,Homewood Campus,18,"MW 12:00PM - 1:15PM, Th 1:30PM - 2:20PM",EN.553.421,7,N,816194,Whiting School of Engineering,7/18,,,,01,,Closed,,Spring 2025,1/21/2025 12:00:00 AM,Spring 2025,Spring 2025,Afternoon,Honors Probability,0
EN Applied Mathematics & Statistics,"EQ, Science and Data",Ames,EN,4.00,26,02^09:00:00,EN Applied Mathematics & Statistics,,"In-person, In-person",E. O'Reilly,"O'Reilly, Eliza",No,Upper Level Undergraduate,Homewood Campus,15,"TTh 9:00AM - 10:15AM, F 1:30PM - 2:20PM",EN.553.426,4,N,807566,Whiting School of Engineering,4/15,,,,01,,Closed,,Spring 2025,1/21/2025 12:00:00 AM,Spring 2025,Spring 2025,Other,Introduction to Stochastic Processes,0
EN Applied Mathematics & Statistics,"Q, Science and Data","Bloomberg, Latrobe",EN,4.00,26,02^09:00:00,EN Applied Mathematics & Statistics,,"In-person, In-person",R. Galeeva,"Galeeva, Roza",No,Upper Level Undergraduate,Homewood Campus,10,"TTh 9:00AM - 10:15AM, F 9:00AM - 9:50AM",EN.553.427,7,N,808226,Whiting School of Engineering,7/10,,,,01,,Closed,,Spring 2025,1/21/2025 12:00:00 AM,Spring 2025,Spring 2025,Morning,Stochastic Processes and Applications to Finance I,0
EN Applied Mathematics & Statistics,"EQ, Science and Data","Bloomberg, Hodson",EN,4.00,7,01^13:30:00,EN Applied Mathematics & Statistics,,"In-person, In-person",A. Athreya,"Athreya, Avanti P",No,Upper Level Undergraduate,Homewood Campus,25,"MW 1:30PM - 2:45PM, T 10:30AM - 11:20AM",EN.553.430,4,N,807568,Whiting School of Engineering,4/25,,,,01,,Closed,,Spring 2025,1/21/2025 12:00:00 AM,Spring 2025,Spring 2025,Other,Mathematical Statistics,0
EN Applied Mathematics & Statistics,"EQ, Science and Data","Hodson, Maryland",EN,4.00,7,01^13:30:00,EN Applied Mathematics & Statistics,,"In-person, In-person",A. Athreya,"Athreya, Avanti P",No,Upper Level Undergraduate,Homewood Campus,30,"MW 1:30PM - 2:45PM, T 12:00PM - 12:50PM",EN.553.430,1,N,807569,Whiting School of Engineering,1/30,,,,02,,Closed,,Spring 2025,1/21/2025 12:00:00 AM,Spring 2025,Spring 2025,Afternoon,Mathematical Statistics,0
EN Applied Mathematics & Statistics,"EQ, Science and Data","Hodson, Maryland",EN,4.00,7,01^13:30:00,EN Applied Mathematics & Statistics,,"In-person, In-person",A. Athreya,"Athreya, Avanti P",No,Upper Level Undergraduate,Homewood Campus,30,"MW 1:30PM - 2:45PM, T 3:00PM - 3:50PM",EN.553.430,7,N,807570,Whiting School of Engineering,7/30,,,,03,,Closed,,Spring 2025,1/21/2025 12:00:00 AM,Spring 2025,Spring 2025,Afternoon,Mathematical Statistics,0
EN Applied Mathematics & Statistics,"EQ, Science and Data","Bloomberg, Hodson",EN,4.00,7,01^13:30:00,EN Applied Mathematics & Statistics,,"In-person, In-person",A. Athreya,"Athreya, Avanti P",No,Upper Level Undergraduate,Homewood Campus,30,"MW 1:30PM - 2:45PM, T 4:30PM - 5:20PM",EN.553.430,15,N,807571,Whiting School of Engineering,15/30,,,,04,,Closed,,Spring 2025,1/21/2025 12:00:00 AM,Spring 2025,Spring 2025,Afternoon,Mathematical Statistics,0
EN Applied Mathematics & Statistics,"EQ, Science and Data","Gilman, Wyman Park",EN,4.00,7,01^12:00:00,EN Applied Mathematics & Statistics,,"In-person, In-person",A. Athreya,"Athreya, Avanti P",No,Upper Level Undergraduate,Homewood Campus,12,"MW 12:00PM - 1:15PM, T 6:00PM - 6:50PM",EN.553.431,0,N,807662,Whiting School of Engineering,0/12,,,,01,,Closed,,Spring 2025,1/21/2025 12:00:00 AM,Spring 2025,Spring 2025,Other,Honors Mathematical Statistics,0
EN Applied Mathematics & Statistics,"EQ, Science and Data",Maryland,EN,3.00,10,02^10:30:00,EN Applied Mathematics & Statistics,,In-person,L. Zhang,"Zhang, Luhao",No,Upper Level Undergraduate,Homewood Campus,20,TTh 10:30AM - 11:45AM,EN.553.432,3,N,808977,Whiting School of Engineering,3/20,,,,01,,Closed,,Spring 2025,1/21/2025 12:00:00 AM,Spring 2025,Spring 2025,Morning,Bayesian Statistics,0
EN Applied Mathematics & Statistics,"EQ, Science and Data",Hodson,EN,4.00,7,01^13:30:00,EN Applied Mathematics & Statistics,,"In-person, In-person",A. Nakade,"Nakade, Apurva",No,Upper Level Undergraduate,Homewood Campus,14,"MW 1:30PM - 2:45PM, T 6:00PM - 6:50PM",EN.553.433,2,N,816235,Whiting School of Engineering,2/14,,,,01,,Closed,,Spring 2025,1/21/2025 12:00:00 AM,Spring 2025,Spring 2025,Other,Monte Carlo Methods,0
EN Applied Mathematics & Statistics,"EQ, Science and Data","Bloomberg, Remsen Hall",EN,4.00,21,01^12:00:00,EN Applied Mathematics & Statistics,,"In-person, In-person",T. Budavari,"Budavari, Tamas",No,Upper Level Undergraduate,Homewood Campus,30,"MW 12:00PM - 1:15PM, F 10:00AM - 10:50AM",EN.553.436,12,N,807602,Whiting School of Engineering,12/30,,,,01,,Closed,,Spring 2025,1/21/2025 12:00:00 AM,Spring 2025,Spring 2025,Other,Introduction to Data Science,0
EN Applied Mathematics & Statistics,"EQ, Science and Data","Hodson, Remsen Hall",EN,4.00,21,01^12:00:00,EN Applied Mathematics & Statistics,,"In-person, In-person",T. Budavari,"Budavari, Tamas",No,Upper Level Undergraduate,Homewood Campus,30,"MW 12:00PM - 1:15PM, F 11:00AM - 11:50AM",EN.553.436,2,N,807603,Whiting School of Engineering,2/30,,,,02,,Closed,,Spring 2025,1/21/2025 12:00:00 AM,Spring 2025,Spring 2025,Other,Introduction to Data Science,0
EN Applied Mathematics & Statistics,"EQ, Science and Data","Hodson, Remsen Hall",EN,4.00,21,01^12:00:00,EN Applied Mathematics & Statistics,,"In-person, In-person",T. Budavari,"Budavari, Tamas",No,Upper Level Undergraduate,Homewood Campus,30,"MW 12:00PM - 1:15PM, F 9:00AM - 9:50AM",EN.553.436,21,N,807604,Whiting School of Engineering,21/30,,,,03,,Closed,,Spring 2025,1/21/2025 12:00:00 AM,Spring 2025,Spring 2025,Other,Introduction to Data Science,0
EN Applied Mathematics & Statistics,"EQ, Science and Data",Latrobe,EN,3.00,5,01^12:00:00,EN Applied Mathematics & Statistics,,In-person,S. Kushnarev,"Kushnarev, Sergey",No,Upper Level Undergraduate,Homewood Campus,13,MW 12:00PM - 1:15PM,EN.553.439,4,N,807578,Whiting School of Engineering,4/13,,,,01,,Closed,,Spring 2025,1/21/2025 12:00:00 AM,Spring 2025,Spring 2025,Afternoon,Time Series Analysis,0
EN Applied Mathematics & Statistics,"EQ, Science and Data",Krieger,EN,3.00,5,01^13:30:00,EN Applied Mathematics & Statistics,,In-person,S. Kushnarev,"Kushnarev, Sergey",No,Upper Level Undergraduate,Homewood Campus,3,MW 1:30PM - 2:45PM,EN.553.439,2,N,830303,Whiting School of Engineering,2/3,,,,02,,Closed,,Spring 2025,1/21/2025 12:00:00 AM,Spring 2025,Spring 2025,Afternoon,Time Series Analysis,0
EN Applied Mathematics & Statistics,"EQ, Science and Data",Shaffer,EN,3.00,10,02^09:00:00,EN Applied Mathematics & Statistics,,In-person,J. Miller,"Miller, John C",No,Upper Level Undergraduate,Homewood Campus,24,TTh 9:00AM - 10:15AM,EN.553.441,4,N,807597,Whiting School of Engineering,4/24,,,,01,,Closed,,Spring 2025,1/21/2025 12:00:00 AM,Spring 2025,Spring 2025,Morning,Equity Markets and Quantitative Trading,0
EN Applied Mathematics & Statistics,"EQ, Science and Data",Remsen Hall,EN,4.00,21,01^15:00:00,EN Applied Mathematics & Statistics,,"In-person, In-person",D. Audley,"Audley, David",No,Upper Level Undergraduate,Homewood Campus,25,"MW 3:00PM - 4:15PM, F 11:00AM - 11:50AM",EN.553.445,25,N,816236,Whiting School of Engineering,25/25,,,,01,,Canceled,,Spring 2025,1/21/2025 12:00:00 AM,Spring 2025,Spring 2025,Other,Interest Rate and Credit Derivatives,0
EN Applied Mathematics & Statistics,"EQ, Science and Data","Hodson, Maryland",EN,4.00,21,01^12:00:00,EN Applied Mathematics & Statistics,,"In-person, In-person",D. Audley,"Audley, David",No,Upper Level Undergraduate,Homewood Campus,14,"MW 12:00PM - 1:15PM, F 3:00PM - 3:50PM",EN.553.447,1,N,807663,Whiting School of Engineering,1/14,,,,01,,Closed,,Spring 2025,1/21/2025 12:00:00 AM,Spring 2025,Spring 2025,Afternoon,Quantitative Portfolio Theory and Performance Analysis,0
EN Applied Mathematics & Statistics,"EQ, Science and Data","Maryland, Remsen Hall",EN,4.00,13,01^13:30:00,EN Applied Mathematics & Statistics,,"In-person, In-person",B. Castello,"Castello, Beryl",No,Upper Level Undergraduate,Homewood Campus,25,"MW 1:30PM - 2:45PM, Th 4:30PM - 5:20PM",EN.553.453,20,N,807591,Whiting School of Engineering,20/25,,,,01,,Closed,,Spring 2025,1/21/2025 12:00:00 AM,Spring 2025,Spring 2025,Afternoon,Mathematical Game Theory,0
EN Applied Mathematics & Statistics,"EQ, Science and Data","Hodson, Maryland",EN,4.00,29,01^11:00:00,EN Applied Mathematics & Statistics,,"In-person, In-person",B. Castello,"Castello, Beryl",No,Upper Level Undergraduate,Homewood Campus,10,"MWF 11:00AM - 11:50AM, Th 9:00AM - 9:50AM",EN.553.463,8,N,807664,Whiting School of Engineering,8/10,,,,01,,Closed,,Spring 2025,1/21/2025 12:00:00 AM,Spring 2025,Spring 2025,Morning,Network Models in Operations Research,0
EN Applied Mathematics & Statistics,"EQ, Science and Data",Ames,EN,4.00,26,02^15:00:00,EN Applied Mathematics & Statistics,,"In-person, In-person",A. Basu,"Basu, Amitabh",No,Upper Level Undergraduate,Homewood Campus,15,"TTh 3:00PM - 4:15PM, F 12:00PM - 12:50PM",EN.553.465,15,N,816237,Whiting School of Engineering,15/15,,,,01,,Canceled,,Spring 2025,1/21/2025 12:00:00 AM,Spring 2025,Spring 2025,Afternoon,Introduction to Convexity,0
EN Applied Mathematics & Statistics,"Q, Science and Data","Bloomberg, Krieger",EN,4.00,29,01^10:00:00,EN Applied Mathematics & Statistics,,"In-person, In-person",D. Gnang,"Gnang, DrG Koffi",No,Upper Level Undergraduate,Homewood Campus,20,"MWF 10:00AM - 10:50AM, Th 10:30AM - 11:20AM",EN.553.472,8,N,807572,Whiting School of Engineering,8/20,,,,01,,Closed,,Spring 2025,1/21/2025 12:00:00 AM,Spring 2025,Spring 2025,Morning,Graph Theory,0
EN Applied Mathematics & Statistics,"EQ, Science and Data",Hodson,EN,4.00,26,02^16:30:00,EN Applied Mathematics & Statistics,,"In-person, In-person",G. Eyink,"Eyink, Gregory Lawrence",No,Upper Level Undergraduate,Homewood Campus,10,"TTh 4:30PM - 5:45PM, F 10:00AM - 10:50AM",EN.553.481,4,N,807658,Whiting School of Engineering,4/10,,,,01,,Closed,,Spring 2025,1/21/2025 12:00:00 AM,Spring 2025,Spring 2025,Other,Numerical Analysis,0
EN Applied Mathematics & Statistics,"EQ, Science and Data",,EN,3.00,10,02^10:30:00,EN Applied Mathematics & Statistics,,"In-person, In-person",S. Kumar,"Kumar, Samvit",No,Upper Level Undergraduate,Homewood Campus,10,TTh 10:30AM - 11:45AM,EN.553.483,10,N,808944,Whiting School of Engineering,10/10,,,,01,,Canceled,,Spring 2025,1/21/2025 12:00:00 AM,Spring 2025,Spring 2025,Morning,Numerical Methods for Partial Differential Equations,0
EN Applied Mathematics & Statistics,"EQ, Science and Data",Remsen Hall,EN,3.00,10,02^15:00:00,EN Applied Mathematics & Statistics,,In-person,D. Naiman,"Naiman, Dan Q",No,Upper Level Undergraduate,Homewood Campus,35,TTh 3:00PM - 4:15PM,EN.553.488,21,N,808078,Whiting School of Engineering,21/35,,,,01,,Closed,,Spring 2025,1/21/2025 12:00:00 AM,Spring 2025,Spring 2025,Afternoon,Computing for Applied Mathematics,0
EN Applied Mathematics & Statistics,"NQ, Science and Data",Ames,EN,3.00,5,01^16:30:00,EN Applied Mathematics & Statistics,,In-person,P. Bedekar,"Bedekar, Prajakta",No,Upper Level Undergraduate,Homewood Campus,19,MW 4:30PM - 5:45PM,EN.553.492,10,N,807598,Whiting School of Engineering,10/19,,,,01,,Closed,,Spring 2025,1/21/2025 12:00:00 AM,Spring 2025,Spring 2025,Afternoon,Mathematical Biology,0
EN Applied Mathematics & Statistics,"EQ, Science and Data","Ames, Maryland",EN,4.00,21,01^15:00:00,EN Applied Mathematics & Statistics,,"In-person, In-person",M. Micheli,"Micheli, Mario",No,Upper Level Undergraduate,Homewood Campus,27,"MW 3:00PM - 4:15PM, F 3:00PM - 3:50PM",EN.553.493,4,N,807596,Whiting School of Engineering,4/27,,,,01,,Closed,,Spring 2025,1/21/2025 12:00:00 AM,Spring 2025,Spring 2025,Afternoon,Mathematical Image Analysis,0
EN Applied Mathematics & Statistics,None,,EN,1.00 - 3.00,0,99,EN Applied Mathematics & Statistics,,Independent Study,L. Ruiz,"Ruiz, Luana Ianara",No,Independent Academic Work,Homewood Campus,5,,EN.553.500,5,Y,807629,Whiting School of Engineering,5/5,,,,01,,Closed,,Spring 2025,1/21/2025 12:00:00 AM,Spring 2025,Spring 2025,Other,Undergraduate Research,N/A
EN Applied Mathematics & Statistics,None,,EN,1.00 - 3.00,0,99,EN Applied Mathematics & Statistics,,Independent Study,N. Charon,"Charon, Nicolas",No,Independent Academic Work,Homewood Campus,5,,EN.553.500,5,Y,807630,Whiting School of Engineering,5/5,,,,02,,Closed,,Spring 2025,1/21/2025 12:00:00 AM,Spring 2025,Spring 2025,Other,Undergraduate Research,N/A
EN Applied Mathematics & Statistics,None,,EN,1.00 - 3.00,0,99,EN Applied Mathematics & Statistics,,Independent Study,Y. Xu,"Xu, Yanxun",No,Independent Academic Work,Homewood Campus,5,,EN.553.500,3,Y,807631,Whiting School of Engineering,3/5,,,,03,,Closed,,Spring 2025,1/21/2025 12:00:00 AM,Spring 2025,Spring 2025,Other,Undergraduate Research,N/A
EN Applied Mathematics & Statistics,None,,EN,1.00 - 3.00,0,99,EN Applied Mathematics & Statistics,,Independent Study,E. Scheinerman,"Scheinerman, Ed",No,Independent Academic Work,Homewood Campus,5,,EN.553.500,5,Y,807632,Whiting School of Engineering,5/5,,,,04,,Closed,,Spring 2025,1/21/2025 12:00:00 AM,Spring 2025,Spring 2025,Other,Undergraduate Research,N/A
EN Applied Mathematics & Statistics,None,,EN,1.00 - 3.00,0,99,EN Applied Mathematics & Statistics,,Independent Study,J. Spall,"Spall, James Charles",No,Independent Academic Work,Homewood Campus,5,,EN.553.500,5,Y,807633,Whiting School of Engineering,5/5,,,,05,,Closed,,Spring 2025,1/21/2025 12:00:00 AM,Spring 2025,Spring 2025,Other,Undergraduate Research,N/A
EN Applied Mathematics & Statistics,None,,EN,1.00 - 3.00,0,99,EN Applied Mathematics & Statistics,,Independent Study,D. Naiman,"Naiman, Dan Q",No,Independent Academic Work,Homewood Campus,5,,EN.553.500,5,Y,807634,Whiting School of Engineering,5/5,,,,06,,Closed,,Spring 2025,1/21/2025 12:00:00 AM,Spring 2025,Spring 2025,Other,Undergraduate Research,N/A
EN Applied Mathematics & Statistics,None,,EN,1.00 - 3.00,0,99,EN Applied Mathematics & Statistics,,Independent Study,B. Castello,"Castello, Beryl",No,Independent Academic Work,Homewood Campus,5,,EN.553.500,5,Y,807635,Whiting School of Engineering,5/5,,,,07,,Closed,,Spring 2025,1/21/2025 12:00:00 AM,Spring 2025,Spring 2025,Other,Undergraduate Research,N/A
EN Applied Mathematics & Statistics,None,,EN,1.00 - 3.00,0,99,EN Applied Mathematics & Statistics,,Independent Study,A. Clark,"Clark, Antwan D.",No,Independent Academic Work,Homewood Campus,5,,EN.553.500,5,Y,807636,Whiting School of Engineering,5/5,,,,08,,Closed,,Spring 2025,1/21/2025 12:00:00 AM,Spring 2025,Spring 2025,Other,Undergraduate Research,N/A
EN Applied Mathematics & Statistics,None,,EN,1.00 - 3.00,0,99,EN Applied Mathematics & Statistics,,Independent Study,F. Santosa,"Santosa, Fadil",No,Independent Academic Work,Homewood Campus,5,,EN.553.500,5,Y,807637,Whiting School of Engineering,5/5,,,,09,,Closed,,Spring 2025,1/21/2025 12:00:00 AM,Spring 2025,Spring 2025,Other,Undergraduate Research,N/A
EN Applied Mathematics & Statistics,None,,EN,1.00 - 3.00,0,99,EN Applied Mathematics & Statistics,,Independent Study,Z. Lubberts,"Lubberts, Zachary",No,Independent Academic Work,Homewood Campus,5,,EN.553.500,5,Y,807638,Whiting School of Engineering,5/5,,,,10,,Closed,,Spring 2025,1/21/2025 12:00:00 AM,Spring 2025,Spring 2025,Other,Undergraduate Research,N/A
EN Applied Mathematics & Statistics,None,,EN,1.00 - 3.00,0,99,EN Applied Mathematics & Statistics,,Independent Study,D. Fishkind,"Fishkind, Donniell",No,Independent Academic Work,Homewood Campus,5,,EN.553.500,5,Y,807639,Whiting School of Engineering,5/5,,,,11,,Closed,,Spring 2025,1/21/2025 12:00:00 AM,Spring 2025,Spring 2025,Other,Undergraduate Research,N/A
EN Applied Mathematics & Statistics,None,,EN,1.00 - 3.00,0,99,EN Applied Mathematics & Statistics,,Independent Study,M. Micheli,"Micheli, Mario",No,Independent Academic Work,Homewood Campus,5,,EN.553.500,5,Y,807640,Whiting School of Engineering,5/5,,,,12,,Closed,,Spring 2025,1/21/2025 12:00:00 AM,Spring 2025,Spring 2025,Other,Undergraduate Research,N/A
EN Applied Mathematics & Statistics,None,,EN,1.00 - 3.00,0,99,EN Applied Mathematics & Statistics,,Independent Study,D. Gnang,"Gnang, DrG Koffi",No,Independent Academic Work,Homewood Campus,5,,EN.553.500,5,Y,807641,Whiting School of Engineering,5/5,,,,13,,Closed,,Spring 2025,1/21/2025 12:00:00 AM,Spring 2025,Spring 2025,Other,Undergraduate Research,N/A
EN Applied Mathematics & Statistics,None,,EN,1.00 - 3.00,0,99,EN Applied Mathematics & Statistics,,Independent Study,F. Torcaso,"Torcaso, Fred",No,Independent Academic Work,Homewood Campus,5,,EN.553.500,5,Y,807642,Whiting School of Engineering,5/5,,,,14,,Closed,,Spring 2025,1/21/2025 12:00:00 AM,Spring 2025,Spring 2025,Other,Undergraduate Research,N/A
EN Applied Mathematics & Statistics,None,,EN,1.00 - 3.00,0,99,EN Applied Mathematics & Statistics,,Independent Study,T. Budavari,"Budavari, Tamas",No,Independent Academic Work,Homewood Campus,5,,EN.553.500,5,Y,807643,Whiting School of Engineering,5/5,,,,15,,Closed,,Spring 2025,1/21/2025 12:00:00 AM,Spring 2025,Spring 2025,Other,Undergraduate Research,N/A
EN Applied Mathematics & Statistics,None,,EN,1.00 - 3.00,0,99,EN Applied Mathematics & Statistics,,Independent Study,M. Maggioni,"Maggioni, Mauro",No,Independent Academic Work,Homewood Campus,5,,EN.553.500,5,Y,807644,Whiting School of Engineering,5/5,,,,16,,Closed,,Spring 2025,1/21/2025 12:00:00 AM,Spring 2025,Spring 2025,Other,Undergraduate Research,N/A
EN Applied Mathematics & Statistics,None,,EN,1.00 - 3.00,0,99,EN Applied Mathematics & Statistics,,Independent Study,B. Grimmer,"Grimmer, Ben",No,Independent Academic Work,Homewood Campus,5,,EN.553.500,5,Y,807645,Whiting School of Engineering,5/5,,,,17,,Closed,,Spring 2025,1/21/2025 12:00:00 AM,Spring 2025,Spring 2025,Other,Undergraduate Research,N/A
EN Applied Mathematics & Statistics,None,,EN,1.00 - 3.00,0,99,EN Applied Mathematics & Statistics,,Independent Study,E. Fertig,"Fertig, Elana",No,Independent Academic Work,Homewood Campus,5,,EN.553.500,5,Y,807646,Whiting School of Engineering,5/5,,,,18,,Closed,,Spring 2025,1/21/2025 12:00:00 AM,Spring 2025,Spring 2025,Other,Undergraduate Research,N/A
EN Applied Mathematics & Statistics,None,,EN,1.00 - 3.00,0,99,EN Applied Mathematics & Statistics,,Independent Study,B. Grimmer,"Grimmer, Ben",No,Independent Academic Work,Homewood Campus,5,,EN.553.500,5,Y,807647,Whiting School of Engineering,5/5,,,,19,,Closed,,Spring 2025,1/21/2025 12:00:00 AM,Spring 2025,Spring 2025,Other,Undergraduate Research,N/A
EN Applied Mathematics & Statistics,None,,EN,1.00 - 3.00,0,99,EN Applied Mathematics & Statistics,,Independent Study,J. Wierman,"Wierman, John Charles",No,Independent Academic Work,Homewood Campus,5,,EN.553.500,4,Y,807648,Whiting School of Engineering,4/5,,,,20,,Closed,,Spring 2025,1/21/2025 12:00:00 AM,Spring 2025,Spring 2025,Other,Undergraduate Research,N/A
EN Applied Mathematics & Statistics,None,,EN,1.00 - 3.00,0,99,EN Applied Mathematics & Statistics,,Independent Study,A. Athreya,"Athreya, Avanti P",No,Independent Academic Work,Homewood Campus,5,,EN.553.500,3,Y,833773,Whiting School of Engineering,3/5,,,,21,,Closed,,Spring 2025,1/21/2025 12:00:00 AM,Spring 2025,Spring 2025,Other,Undergraduate Research,N/A
EN Applied Mathematics & Statistics,None,,EN,1.00 - 3.00,0,99,EN Applied Mathematics & Statistics,,Independent Study,T. Kunisky,"Kunisky, Tim",No,Independent Academic Work,Homewood Campus,5,,EN.553.500,3,Y,834454,Whiting School of Engineering,3/5,,,,22,,Closed,,Spring 2025,1/21/2025 12:00:00 AM,Spring 2025,Spring 2025,Other,Undergraduate Research,N/A
EN Applied Mathematics & Statistics,None,,EN,1.00 - 3.00,0,99,EN Applied Mathematics & Statistics,,Independent Study,S. Hong,"Hong, Su Ji",No,Independent Academic Work,Homewood Campus,5,,EN.553.500,4,Y,836181,Whiting School of Engineering,4/5,,,,23,,Closed,,Spring 2025,1/21/2025 12:00:00 AM,Spring 2025,Spring 2025,Other,Undergraduate Research,N/A
EN Applied Mathematics & Statistics,None,,EN,1.00 - 3.00,0,99,EN Applied Mathematics & Statistics,,Independent Study,J. Tonelli Cueto,"Tonelli Cueto, Josue",No,Independent Academic Work,Homewood Campus,5,,EN.553.500,5,Y,836613,Whiting School of Engineering,5/5,,,,24,,Closed,,Spring 2025,1/21/2025 12:00:00 AM,Spring 2025,Spring 2025,Other,Undergraduate Research,N/A
EN Applied Mathematics & Statistics,None,,EN,1.00 - 3.00,0,99,EN Applied Mathematics & Statistics,,Independent Study,S. Kushnarev,"Kushnarev, Sergey",No,Independent Academic Work,Homewood Campus,5,,EN.553.500,4,Y,839893,Whiting School of Engineering,4/5,,,,25,,Closed,,Spring 2025,1/21/2025 12:00:00 AM,Spring 2025,Spring 2025,Other,Undergraduate Research,N/A
EN Applied Mathematics & Statistics,None,,EN,1.00,0,99,EN Applied Mathematics & Statistics,,Independent Study,Y. Xu,"Xu, Yanxun",No,Independent Academic Work,Homewood Campus,5,,EN.553.501,5,Y,807660,Whiting School of Engineering,5/5,,,,02,,Closed,,Spring 2025,1/21/2025 12:00:00 AM,Spring 2025,Spring 2025,Other,Senior Thesis,N/A
EN Applied Mathematics & Statistics,None,,EN,1.00 - 3.00,0,99,EN Applied Mathematics & Statistics,,Independent Study,D. Gnang,"Gnang, DrG Koffi",No,Independent Academic Work,Homewood Campus,5,,EN.553.502,5,Y,807650,Whiting School of Engineering,5/5,,,,02,,Closed,,Spring 2025,1/21/2025 12:00:00 AM,Spring 2025,Spring 2025,Other,Undergraduate Independent Study,N/A
EN Applied Mathematics & Statistics,None,,EN,1.00 - 3.00,0,99,EN Applied Mathematics & Statistics,,Independent Study,D. Fishkind,"Fishkind, Donniell",No,Independent Academic Work,Homewood Campus,5,,EN.553.502,5,Y,807651,Whiting School of Engineering,5/5,,,,03,,Closed,,Spring 2025,1/21/2025 12:00:00 AM,Spring 2025,Spring 2025,Other,Undergraduate Independent Study,N/A
EN Applied Mathematics & Statistics,None,,EN,1.00 - 3.00,0,99,EN Applied Mathematics & Statistics,,Independent Study,F. Torcaso,"Torcaso, Fred",No,Independent Academic Work,Homewood Campus,5,,EN.553.502,5,Y,807652,Whiting School of Engineering,5/5,,,,04,,Closed,,Spring 2025,1/21/2025 12:00:00 AM,Spring 2025,Spring 2025,Other,Undergraduate Independent Study,N/A
EN Applied Mathematics & Statistics,"Q, Science and Data",,EN,3.00 - 6.00,0,99,EN Applied Mathematics & Statistics,,Independent Study,"L. Wetzelberger, L. Younes","Wetzelberger, Lisa; Younes, Laurent",No,Independent Academic Work,Homewood Campus,10,,EN.553.506,5,N,807671,Whiting School of Engineering,5/10,,,,01,,Closed,,Spring 2025,1/21/2025 12:00:00 AM,Spring 2025,Spring 2025,Other,Capstone Experience in Data Science,N/A
EN Applied Mathematics & Statistics,None,,EN,1.00 - 3.00,0,99,EN Applied Mathematics & Statistics,,Independent Study,D. Fishkind,"Fishkind, Donniell",No,Upper Level Undergraduate,Homewood Campus,9,,EN.553.512,9,Y,807649,Whiting School of Engineering,9/9,,,,01,,Closed,,Spring 2025,1/21/2025 12:00:00 AM,Spring 2025,Spring 2025,Other,Group Undergraduate Research,N/A
EN Applied Mathematics & Statistics,None,,EN,1.00 - 2.00,0,99,EN Applied Mathematics & Statistics,,Independent Study,J. Lim,"Lim, Josiah",No,Independent Academic Work,Homewood Campus,12,,EN.553.513,3,N,809037,Whiting School of Engineering,3/12,,,,01,,Closed,,Spring 2025,1/21/2025 12:00:00 AM,Spring 2025,Spring 2025,Other,Directed Reading in Applied Mathematics,N/A
EN Applied Mathematics & Statistics,None,,EN,1.00 - 2.00,0,99,EN Applied Mathematics & Statistics,,Independent Study,D. Fishkind,"Fishkind, Donniell",No,Independent Academic Work,Homewood Campus,12,,EN.553.513,12,N,809038,Whiting School of Engineering,12/12,,,,02,,Closed,,Spring 2025,1/21/2025 12:00:00 AM,Spring 2025,Spring 2025,Other,Directed Reading in Applied Mathematics,N/A
EN Applied Mathematics & Statistics,None,,EN,1.00,0,99,EN Applied Mathematics & Statistics,,In-person,A. Athreya,"Athreya, Avanti P",No,Independent Academic Work,Homewood Campus,5,,EN.553.552,5,N,807592,Whiting School of Engineering,5/5,,,,01,,Closed,,Spring 2025,1/21/2025 12:00:00 AM,Spring 2025,Spring 2025,Other,Undergraduate Internship,N/A
EN Applied Mathematics & Statistics,None,,EN,1.00,0,99,EN Applied Mathematics & Statistics,,In-person,D. Naiman,"Naiman, Dan Q",No,Independent Academic Work,Homewood Campus,5,,EN.553.552,5,N,807593,Whiting School of Engineering,5/5,,,,02,,Closed,,Spring 2025,1/21/2025 12:00:00 AM,Spring 2025,Spring 2025,Other,Undergraduate Internship,N/A
EN Applied Mathematics & Statistics,None,,EN,1.00,0,99,EN Applied Mathematics & Statistics,,In-person,D. Fishkind,"Fishkind, Donniell",No,Independent Academic Work,Homewood Campus,5,,EN.553.552,5,N,807594,Whiting School of Engineering,5/5,,,,03,,Closed,,Spring 2025,1/21/2025 12:00:00 AM,Spring 2025,Spring 2025,Other,Undergraduate Internship,N/A
EN Applied Mathematics & Statistics,None,,EN,1.00,0,99,EN Applied Mathematics & Statistics,,In-person,A. Basu,"Basu, Amitabh",No,Independent Academic Work,Homewood Campus,5,,EN.553.552,4,N,807595,Whiting School of Engineering,4/5,,,,04,,Closed,,Spring 2025,1/21/2025 12:00:00 AM,Spring 2025,Spring 2025,Other,Undergraduate Internship,N/A
EN Applied Mathematics & Statistics,EQ,"Gilman, Maryland",EN,4.00,29,01^09:00:00,EN Applied Mathematics & Statistics,,"In-person, In-person",B. Castello,"Castello, Beryl",No,Graduate,Homewood Campus,10,"MWF 9:00AM - 9:50AM, Th 4:30PM - 5:20PM",EN.553.600,7,N,808102,Whiting School of Engineering,7/10,,,,01,,Closed,,Spring 2025,1/21/2025 12:00:00 AM,Spring 2025,Spring 2025,Other,Mathematical Modeling and Consulting,0
EN Applied Mathematics & Statistics,Q,Hodson,EN,3.00,17,01^17:00:00,EN Applied Mathematics & Statistics,,In-person,A. Clark,"Clark, Antwan D.",No,Graduate,Homewood Campus,14,MF 5:00PM - 6:15PM,EN.553.601,7,N,807653,Whiting School of Engineering,7/14,,,,01,,Closed,,Spring 2025,1/21/2025 12:00:00 AM,Spring 2025,Spring 2025,Other,Introduction to Research in Applied Mathematics and Statistics,0
EN Applied Mathematics & Statistics,Q,Bloomberg,EN,4.00,17,01^16:30:00,EN Applied Mathematics & Statistics,,"In-person, In-person",A. Kearsley,"Kearsley, Anthony José",No,Graduate,Homewood Campus,19,"M 4:30PM - 7:30PM, F 12:00PM - 12:50PM",EN.553.602,0,N,807654,Whiting School of Engineering,0/19,,,,01,,Closed,,Spring 2025,1/21/2025 12:00:00 AM,Spring 2025,Spring 2025,Other,Research and Design in Applied Mathematics: Data Mining,0
EN Applied Mathematics & Statistics,Q,"Bloomberg, Maryland",EN,4.00,17,01^16:30:00,EN Applied Mathematics & Statistics,,"In-person, In-person",A. Kearsley,"Kearsley, Anthony José",No,Graduate,Homewood Campus,19,"F 10:00AM - 10:50AM, M 4:30PM - 7:30PM",EN.553.602,0,N,807655,Whiting School of Engineering,0/19,,,,02,,Closed,,Spring 2025,1/21/2025 12:00:00 AM,Spring 2025,Spring 2025,Other,Research and Design in Applied Mathematics: Data Mining,0
EN Applied Mathematics & Statistics,EQ,"Hodson, Maryland",EN,4.00,13,01^15:00:00,EN Applied Mathematics & Statistics,,"In-person, In-person",K. OHare,"OHare, Kaiying",No,Graduate,Homewood Campus,30,"MW 3:00PM - 4:15PM, Th 6:00PM - 6:50PM",EN.553.613,13,N,808978,Whiting School of Engineering,13/30,,,,01,,Closed,,Spring 2025,1/21/2025 12:00:00 AM,Spring 2025,Spring 2025,Other,Applied Statistics & Data Analysis I,0
EN Applied Mathematics & Statistics,EQ,Remsen Hall,EN,3.00,5,01^15:00:00,EN Applied Mathematics & Statistics,,In-person,S. Kushnarev,"Kushnarev, Sergey",No,Graduate,Homewood Campus,39,MW 3:00PM - 4:15PM,EN.553.614,18,N,807605,Whiting School of Engineering,18/39,,,,01,,Closed,,Spring 2025,1/21/2025 12:00:00 AM,Spring 2025,Spring 2025,Afternoon,Applied Statistics and Data Analysis II,0
EN Applied Mathematics & Statistics,EQ,"Hodson, Maryland",EN,4.00,29,01^13:30:00,EN Applied Mathematics & Statistics,,"In-person, In-person",F. Torcaso,"Torcaso, Fred",No,Graduate,Homewood Campus,30,"MWF 1:30PM - 2:20PM, Th 6:00PM - 6:50PM",EN.553.620,17,N,807606,Whiting School of Engineering,17/30,,,,01,,Closed,,Spring 2025,1/21/2025 12:00:00 AM,Spring 2025,Spring 2025,Other,Probability,0
EN Applied Mathematics & Statistics,EQ,Ames,EN,4.00,26,02^09:00:00,EN Applied Mathematics & Statistics,,"In-person, In-person",E. O'Reilly,"O'Reilly, Eliza",No,Graduate,Homewood Campus,20,"TTh 9:00AM - 10:15AM, F 1:30PM - 2:20PM",EN.553.626,13,N,807607,Whiting School of Engineering,13/20,,,,01,,Closed,,Spring 2025,1/21/2025 12:00:00 AM,Spring 2025,Spring 2025,Other,Introduction to Stochastic Processes,0
EN Applied Mathematics & Statistics,Q,"Bloomberg, Latrobe",EN,4.00,26,02^09:00:00,EN Applied Mathematics & Statistics,,"In-person, In-person",R. Galeeva,"Galeeva, Roza",No,Graduate,Homewood Campus,29,"TTh 9:00AM - 10:15AM, F 9:00AM - 9:50AM",EN.553.627,17,N,808227,Whiting School of Engineering,17/29,,,,01,,Closed,,Spring 2025,1/21/2025 12:00:00 AM,Spring 2025,Spring 2025,Morning,Stochastic Processes and Applications to Finance I,0
EN Applied Mathematics & Statistics,Q,"Ames, Maryland",EN,4.00,26,02^12:00:00,EN Applied Mathematics & Statistics,,"In-person, In-person",R. Galeeva,"Galeeva, Roza",No,Graduate,Homewood Campus,25,"TTh 12:00PM - 1:15PM, F 11:00AM - 11:50AM",EN.553.628,15,N,808228,Whiting School of Engineering,15/25,,,,01,,Closed,,Spring 2025,1/21/2025 12:00:00 AM,Spring 2025,Spring 2025,Other,Stochastic Processes and Applications to Finance II,0
EN Applied Mathematics & Statistics,EQ,Hodson,EN,4.00,7,01^13:30:00,EN Applied Mathematics & Statistics,,"In-person, In-person",A. Athreya,"Athreya, Avanti P",No,Graduate,Homewood Campus,30,"MW 1:30PM - 2:45PM, T 9:00AM - 9:50AM",EN.553.630,30,N,807609,Whiting School of Engineering,30/30,,,,01,,Canceled,,Spring 2025,1/21/2025 12:00:00 AM,Spring 2025,Spring 2025,Other,Mathematical Statistics,0
EN Applied Mathematics & Statistics,EQ,"Bloomberg, Hodson",EN,4.00,7,01^13:30:00,EN Applied Mathematics & Statistics,,"In-person, In-person",A. Athreya,"Athreya, Avanti P",No,Graduate,Homewood Campus,8,"MW 1:30PM - 2:45PM, T 10:30AM - 11:20AM",EN.553.630,1,N,807610,Whiting School of Engineering,1/8,,,,02,,Closed,,Spring 2025,1/21/2025 12:00:00 AM,Spring 2025,Spring 2025,Other,Mathematical Statistics,0
EN Applied Mathematics & Statistics,EQ,Hodson,EN,4.00,7,01^13:30:00,EN Applied Mathematics & Statistics,,"In-person, In-person",A. Athreya,"Athreya, Avanti P",No,Graduate,Homewood Campus,30,"MW 1:30PM - 2:45PM, T 6:00PM - 6:50PM",EN.553.630,30,N,816238,Whiting School of Engineering,30/30,,,,03,,Canceled,,Spring 2025,1/21/2025 12:00:00 AM,Spring 2025,Spring 2025,Other,Mathematical Statistics,0
EN Applied Mathematics & Statistics,EQ,Maryland,EN,3.00,10,02^10:30:00,EN Applied Mathematics & Statistics,,In-person,L. Zhang,"Zhang, Luhao",No,Graduate,Homewood Campus,15,TTh 10:30AM - 11:45AM,EN.553.632,1,N,808979,Whiting School of Engineering,1/15,,,,01,,Closed,,Spring 2025,1/21/2025 12:00:00 AM,Spring 2025,Spring 2025,Morning,Bayesian Statistics,0
EN Applied Mathematics & Statistics,EQ,Maryland,EN,3.00,10,02^10:30:00,EN Applied Mathematics & Statistics,,In-person,L. Zhang,"Zhang, Luhao",No,Graduate,Homewood Campus,14,TTh 10:30AM - 11:45AM,EN.553.632,2,N,808980,Whiting School of Engineering,2/14,,,,02,,Closed,,Spring 2025,1/21/2025 12:00:00 AM,Spring 2025,Spring 2025,Morning,Bayesian Statistics,0
EN Applied Mathematics & Statistics,EQ,Hodson,EN,4.00,7,01^13:30:00,EN Applied Mathematics & Statistics,,"In-person, In-person",A. Nakade,"Nakade, Apurva",No,Graduate,Homewood Campus,22,"MW 1:30PM - 2:45PM, T 6:00PM - 6:50PM",EN.553.633,8,N,816239,Whiting School of Engineering,8/22,,,,01,,Closed,,Spring 2025,1/21/2025 12:00:00 AM,Spring 2025,Spring 2025,Other,Monte Carlo Methods,0
EN Applied Mathematics & Statistics,Q,Hodson,EN,3.00,10,02^16:30:00,EN Applied Mathematics & Statistics,,In-person,B. Wandelt,"Wandelt, Benjamin Dan",No,Graduate,Homewood Campus,24,TTh 4:30PM - 5:45PM,EN.553.635,10,N,833021,Whiting School of Engineering,10/24,,,,01,,Closed,,Spring 2025,1/21/2025 12:00:00 AM,Spring 2025,Spring 2025,Afternoon,Bayesian Statistics for the Physical Sciences,0
EN Applied Mathematics & Statistics,EQ,"Hodson, Remsen Hall",EN,4.00,21,01^12:00:00,EN Applied Mathematics & Statistics,,"In-person, In-person",T. Budavari,"Budavari, Tamas",No,Graduate,Homewood Campus,30,"MW 12:00PM - 1:15PM, F 12:00PM - 12:50PM",EN.553.636,3,N,807612,Whiting School of Engineering,3/30,,,,01,,Closed,,Spring 2025,1/21/2025 12:00:00 AM,Spring 2025,Spring 2025,Afternoon,Introduction to Data Science,0
EN Applied Mathematics & Statistics,EQ,"Hodson, Remsen Hall",EN,4.00,21,01^12:00:00,EN Applied Mathematics & Statistics,,"In-person, In-person",T. Budavari,"Budavari, Tamas",No,Graduate,Homewood Campus,30,"MW 12:00PM - 1:15PM, F 1:30PM - 2:20PM",EN.553.636,6,N,807613,Whiting School of Engineering,6/30,,,,02,,Closed,,Spring 2025,1/21/2025 12:00:00 AM,Spring 2025,Spring 2025,Afternoon,Introduction to Data Science,0
EN Applied Mathematics & Statistics,EQ,"Hodson, Remsen Hall",EN,4.00,21,01^12:00:00,EN Applied Mathematics & Statistics,,"In-person, In-person",T. Budavari,"Budavari, Tamas",No,Graduate,Homewood Campus,25,"MW 12:00PM - 1:15PM, F 3:00PM - 3:50PM",EN.553.636,21,N,807614,Whiting School of Engineering,21/25,,,,03,,Closed,,Spring 2025,1/21/2025 12:00:00 AM,Spring 2025,Spring 2025,Afternoon,Introduction to Data Science,0
EN Applied Mathematics & Statistics,EQ,"Ames, Remsen Hall",EN,4.00,21,01^12:00:00,EN Applied Mathematics & Statistics,,"In-person, In-person",T. Budavari,"Budavari, Tamas",No,Graduate,Homewood Campus,30,"MW 12:00PM - 1:15PM, F 10:00AM - 10:50AM",EN.553.636,24,N,807615,Whiting School of Engineering,24/30,,,,04,,Closed,,Spring 2025,1/21/2025 12:00:00 AM,Spring 2025,Spring 2025,Other,Introduction to Data Science,0
EN Applied Mathematics & Statistics,EQ,"Hodson, Remsen Hall",EN,4.00,21,01^12:00:00,EN Applied Mathematics & Statistics,,"In-person, In-person",T. Budavari,"Budavari, Tamas",No,Graduate,Homewood Campus,30,"MW 12:00PM - 1:15PM, F 11:00AM - 11:50AM",EN.553.636,17,N,807616,Whiting School of Engineering,17/30,,,,05,,Closed,,Spring 2025,1/21/2025 12:00:00 AM,Spring 2025,Spring 2025,Other,Introduction to Data Science,0
EN Applied Mathematics & Statistics,EQ,Remsen Hall,EN,4.00,21,01^12:00:00,EN Applied Mathematics & Statistics,,"In-person, In-person",T. Budavari,"Budavari, Tamas",No,Graduate,Homewood Campus,25,"MW 12:00PM - 1:15PM, F 3:00PM - 3:50PM",EN.553.636,22,N,807617,Whiting School of Engineering,22/25,,,,06,,Closed,,Spring 2025,1/21/2025 12:00:00 AM,Spring 2025,Spring 2025,Afternoon,Introduction to Data Science,0
EN Applied Mathematics & Statistics,EQ,Latrobe,EN,3.00,5,01^12:00:00,EN Applied Mathematics & Statistics,,In-person,S. Kushnarev,"Kushnarev, Sergey",No,Graduate,Homewood Campus,24,MW 12:00PM - 1:15PM,EN.553.639,6,N,807618,Whiting School of Engineering,6/24,,,,01,,Closed,,Spring 2025,1/21/2025 12:00:00 AM,Spring 2025,Spring 2025,Afternoon,Time Series Analysis,0
EN Applied Mathematics & Statistics,EQ,Krieger,EN,3.00,5,01^13:30:00,EN Applied Mathematics & Statistics,,In-person,S. Kushnarev,"Kushnarev, Sergey",No,Graduate,Homewood Campus,40,MW 1:30PM - 2:45PM,EN.553.639,3,N,816240,Whiting School of Engineering,3/40,,,,02,,Closed,,Spring 2025,1/21/2025 12:00:00 AM,Spring 2025,Spring 2025,Afternoon,Time Series Analysis,0
EN Applied Mathematics & Statistics,None,Maryland,EN,3.00,10,02^16:30:00,EN Applied Mathematics & Statistics,,In-person,H. Cao,"Cao, Haoyang",No,Graduate,Homewood Campus,25,TTh 4:30PM - 5:45PM,EN.553.640,0,N,808936,Whiting School of Engineering,0/25,,,,01,,Closed,,Spring 2025,1/21/2025 12:00:00 AM,Spring 2025,Spring 2025,Afternoon,Machine Learning in Finance,0
EN Applied Mathematics & Statistics,None,Maryland,EN,3.00,10,02^16:30:00,EN Applied Mathematics & Statistics,,In-person,H. Cao,"Cao, Haoyang",No,Graduate,Homewood Campus,23,TTh 4:30PM - 5:45PM,EN.553.640,14,N,815910,Whiting School of Engineering,14/23,,,,02,,Closed,,Spring 2025,1/21/2025 12:00:00 AM,Spring 2025,Spring 2025,Afternoon,Machine Learning in Finance,0
EN Applied Mathematics & Statistics,EQ,Shaffer,EN,3.00,10,02^09:00:00,EN Applied Mathematics & Statistics,,In-person,J. Miller,"Miller, John C",No,Graduate,Homewood Campus,48,TTh 9:00AM - 10:15AM,EN.553.641,12,N,807619,Whiting School of Engineering,12/48,,,,01,,Closed,,Spring 2025,1/21/2025 12:00:00 AM,Spring 2025,Spring 2025,Morning,Equity Markets and Quantitative Trading,0
EN Applied Mathematics & Statistics,EQ,"Hodson, Remsen Hall",EN,4.00,21,01^15:00:00,EN Applied Mathematics & Statistics,,"In-person, In-person",D. Audley,"Audley, David",No,Graduate,Homewood Campus,30,"MW 3:00PM - 4:15PM, F 10:00AM - 10:50AM",EN.553.645,6,N,807620,Whiting School of Engineering,6/30,,,,01,,Closed,,Spring 2025,1/21/2025 12:00:00 AM,Spring 2025,Spring 2025,Other,Interest Rate and Credit Derivatives,0
EN Applied Mathematics & Statistics,EQ,"Hodson, Remsen Hall",EN,4.00,21,01^15:00:00,EN Applied Mathematics & Statistics,,"In-person, In-person",D. Audley,"Audley, David",No,Graduate,Homewood Campus,30,"MW 3:00PM - 4:15PM, F 1:30PM - 2:20PM",EN.553.645,22,N,807621,Whiting School of Engineering,22/30,,,,02,,Closed,,Spring 2025,1/21/2025 12:00:00 AM,Spring 2025,Spring 2025,Afternoon,Interest Rate and Credit Derivatives,0
EN Applied Mathematics & Statistics,EQ,"Ames, Maryland",EN,4.00,21,01^12:00:00,EN Applied Mathematics & Statistics,,"In-person, In-person",D. Audley,"Audley, David",No,Graduate,Homewood Campus,23,"MW 12:00PM - 1:15PM, F 11:00AM - 11:50AM",EN.553.647,7,N,807665,Whiting School of Engineering,7/23,,,,01,,Closed,,Spring 2025,1/21/2025 12:00:00 AM,Spring 2025,Spring 2025,Other,Quantitative Portfolio Theory and Performance Analysis,0
EN Applied Mathematics & Statistics,EQ,"Hodson, Maryland",EN,4.00,21,01^12:00:00,EN Applied Mathematics & Statistics,,"In-person, In-person",D. Audley,"Audley, David",No,Graduate,Homewood Campus,8,"MW 12:00PM - 1:15PM, F 12:00PM - 12:50PM",EN.553.647,1,N,807666,Whiting School of Engineering,1/8,,,,02,,Closed,,Spring 2025,1/21/2025 12:00:00 AM,Spring 2025,Spring 2025,Afternoon,Quantitative Portfolio Theory and Performance Analysis,0
EN Applied Mathematics & Statistics,EQ,"Maryland, Remsen Hall",EN,4.00,13,01^13:30:00,EN Applied Mathematics & Statistics,,"In-person, In-person",B. Castello,"Castello, Beryl",No,Graduate,Homewood Campus,30,"MW 1:30PM - 2:45PM, Th 4:30PM - 5:20PM",EN.553.653,2,N,807624,Whiting School of Engineering,2/30,,,,01,,Closed,,Spring 2025,1/21/2025 12:00:00 AM,Spring 2025,Spring 2025,Afternoon,Mathematical Game Theory,0
EN Applied Mathematics & Statistics,EQ,"Hodson, Remsen Hall",EN,4.00,13,01^13:30:00,EN Applied Mathematics & Statistics,,"In-person, In-person",B. Castello,"Castello, Beryl",No,Graduate,Homewood Campus,30,"MW 1:30PM - 2:45PM, Th 9:00AM - 9:50AM",EN.553.653,13,N,807625,Whiting School of Engineering,13/30,,,,02,,Closed,,Spring 2025,1/21/2025 12:00:00 AM,Spring 2025,Spring 2025,Other,Mathematical Game Theory,0
EN Applied Mathematics & Statistics^EN Robotics,EQ,"Hodson, Maryland",EN,4.00,29,01^11:00:00,EN Applied Mathematics & Statistics,,"In-person, In-person",B. Castello,"Castello, Beryl",No,Graduate,Homewood Campus,10,"MWF 11:00AM - 11:50AM, Th 9:00AM - 9:50AM",EN.553.663,7,N,807669,Whiting School of Engineering,7/10,,,,01,,Closed,,Spring 2025,1/21/2025 12:00:00 AM,Spring 2025,Spring 2025,Morning,Network Models in Operations Research,0
EN Applied Mathematics & Statistics,None,"Ames, Latrobe",EN,4.00,26,02^15:00:00,EN Applied Mathematics & Statistics,,"In-person, In-person",A. Basu,"Basu, Amitabh",No,Graduate,Homewood Campus,40,"TTh 3:00PM - 4:15PM, F 10:00AM - 10:50AM",EN.553.665,3,N,808982,Whiting School of Engineering,3/40,,,,01,,Closed,,Spring 2025,1/21/2025 12:00:00 AM,Spring 2025,Spring 2025,Other,Introduction to Convexity,0
EN Applied Mathematics & Statistics,None,"Bloomberg, Krieger",EN,4.00,29,01^10:00:00,EN Applied Mathematics & Statistics,,"In-person, In-person",D. Gnang,"Gnang, DrG Koffi",No,Graduate,Homewood Campus,10,"MWF 10:00AM - 10:50AM, Th 10:30AM - 11:20AM",EN.553.672,4,N,807573,Whiting School of Engineering,4/10,,,,01,,Closed,,Spring 2025,1/21/2025 12:00:00 AM,Spring 2025,Spring 2025,Morning,Graph Theory,0
EN Applied Mathematics & Statistics,None,"Bloomberg, Krieger",EN,4.00,29,01^10:00:00,EN Applied Mathematics & Statistics,,"In-person, In-person",D. Gnang,"Gnang, DrG Koffi",No,Graduate,Homewood Campus,15,"MWF 10:00AM - 10:50AM, Th 10:30AM - 11:20AM",EN.553.672,12,N,815951,Whiting School of Engineering,12/15,,,,02,,Closed,,Spring 2025,1/21/2025 12:00:00 AM,Spring 2025,Spring 2025,Morning,Graph Theory,0
EN Applied Mathematics & Statistics,None,Hodson,EN,4.00,26,02^16:30:00,EN Applied Mathematics & Statistics,,"In-person, In-person",G. Eyink,"Eyink, Gregory Lawrence",No,Graduate,Homewood Campus,19,"TTh 4:30PM - 5:45PM, F 10:00AM - 10:50AM",EN.553.681,12,N,807659,Whiting School of Engineering,12/19,,,,01,,Closed,,Spring 2025,1/21/2025 12:00:00 AM,Spring 2025,Spring 2025,Other,Numerical Analysis,0
EN Applied Mathematics & Statistics,EQ,Wyman Park,EN,3.00,10,02^10:30:00,EN Applied Mathematics & Statistics,,In-person,S. Kumar,"Kumar, Samvit",No,Graduate,Homewood Campus,8,TTh 10:30AM - 11:45AM,EN.553.683,4,N,808945,Whiting School of Engineering,4/8,,,,01,,Closed,,Spring 2025,1/21/2025 12:00:00 AM,Spring 2025,Spring 2025,Morning,Numerical Methods for Partial Differential Equations,0
EN Applied Mathematics & Statistics,None,Remsen Hall,EN,3.00,10,02^15:00:00,EN Applied Mathematics & Statistics,,In-person,D. Naiman,"Naiman, Dan Q",No,Graduate,Homewood Campus,100,TTh 3:00PM - 4:15PM,EN.553.688,13,N,808079,Whiting School of Engineering,13/100,,,,01,,Closed,,Spring 2025,1/21/2025 12:00:00 AM,Spring 2025,Spring 2025,Afternoon,Computing for Applied Mathematics,0
EN Applied Mathematics & Statistics,NQ,Ames,EN,3.00,5,01^16:30:00,EN Applied Mathematics & Statistics,,In-person,P. Bedekar,"Bedekar, Prajakta",No,Graduate,Homewood Campus,19,MW 4:30PM - 5:45PM,EN.553.692,18,N,807626,Whiting School of Engineering,18/19,,,,01,,Closed,,Spring 2025,1/21/2025 12:00:00 AM,Spring 2025,Spring 2025,Afternoon,Mathematical Biology,0
EN Applied Mathematics & Statistics^EN Robotics,EQ,"Ames, Maryland",EN,4.00,21,01^15:00:00,EN Applied Mathematics & Statistics,,"In-person, In-person",M. Micheli,"Micheli, Mario",No,Graduate,Homewood Campus,22,"MW 3:00PM - 4:15PM, F 3:00PM - 3:50PM",EN.553.693,6,N,807627,Whiting School of Engineering,6/22,,,,01,,Closed,,Spring 2025,1/21/2025 12:00:00 AM,Spring 2025,Spring 2025,Afternoon,Mathematical Image Analysis,0
EN Applied Mathematics & Statistics,None,Hodson,EN,3.00,5,01^13:30:00,EN Applied Mathematics & Statistics,,In-person,T. Kunisky,"Kunisky, Tim",No,Graduate,Homewood Campus,25,MW 1:30PM - 2:45PM,EN.553.721,11,N,807599,Whiting School of Engineering,11/25,,,,01,,Closed,,Spring 2025,1/21/2025 12:00:00 AM,Spring 2025,Spring 2025,Afternoon,Probability Theory II,0
EN Applied Mathematics & Statistics,None,Bloomberg,EN,3.00,10,02^18:00:00,EN Applied Mathematics & Statistics,,In-person,A. Sun,"Sun, Ao",No,Graduate,Homewood Campus,19,TTh 6:00PM - 7:15PM,EN.553.723,19,N,831186,Whiting School of Engineering,19/19,,,,01,,Canceled,,Spring 2025,1/21/2025 12:00:00 AM,Spring 2025,Spring 2025,Evening,Markov Chains,0
EN Applied Mathematics & Statistics,EQ,Maryland,EN,3.00,5,01^15:00:00,EN Applied Mathematics & Statistics,,In-person,H. Lee,"Lee, Holden",No,Graduate,Homewood Campus,40,MW 3:00PM - 4:15PM,EN.553.724,5,N,808946,Whiting School of Engineering,5/40,,,,01,,Closed,,Spring 2025,1/21/2025 12:00:00 AM,Spring 2025,Spring 2025,Afternoon,Probabilistic Machine Learning,0
EN Applied Mathematics & Statistics,None,Wyman Park,EN,3.00,5,01^10:30:00,EN Applied Mathematics & Statistics,,In-person,A. Athreya,"Athreya, Avanti P",No,Graduate,Homewood Campus,25,MW 10:30AM - 11:45AM,EN.553.731,25,N,807600,Whiting School of Engineering,25/25,,,,01,,Canceled,,Spring 2025,1/21/2025 12:00:00 AM,Spring 2025,Spring 2025,Morning,Statistical Theory II,0
EN Applied Mathematics & Statistics,None,Remsen Hall,EN,3.00,5,01^16:30:00,EN Applied Mathematics & Statistics,,In-person,C. Priebe,"Priebe, Carey",No,Graduate,Homewood Campus,40,MW 4:30PM - 5:45PM,EN.553.739,8,N,816241,Whiting School of Engineering,8/40,,,,01,,Closed,,Spring 2025,1/21/2025 12:00:00 AM,Spring 2025,Spring 2025,Afternoon,Statistical Pattern Recognition Theory & Methods,0
EN Applied Mathematics & Statistics,None,Hodson,EN,3.00,10,02^09:00:00,EN Applied Mathematics & Statistics,,In-person,L. Younes,"Younes, Laurent",No,Graduate,Homewood Campus,45,TTh 9:00AM - 10:15AM,EN.553.741,33,N,807911,Whiting School of Engineering,33/45,,,,01,,Closed,,Spring 2025,1/21/2025 12:00:00 AM,Spring 2025,Spring 2025,Morning,Machine Learning II,0
EN Applied Mathematics & Statistics,None,Maryland,EN,3.00,2,02^16:30:00,EN Applied Mathematics & Statistics,,In-person,S. Villar,"Villar, Soledad",No,Graduate,Homewood Campus,25,T 4:30PM - 7:00PM,EN.553.743,3,N,816242,Whiting School of Engineering,3/25,,,,01,,Closed,,Spring 2025,1/21/2025 12:00:00 AM,Spring 2025,Spring 2025,Other,Equivariant Machine Learning,0
EN Applied Mathematics & Statistics,None,Latrobe,EN,3.00,5,01^09:00:00,EN Applied Mathematics & Statistics,,In-person,L. Ruiz,"Ruiz, Luana Ianara",No,Graduate,Homewood Campus,40,MW 9:00AM - 10:15AM,EN.553.744,6,N,815716,Whiting School of Engineering,6/40,,,,01,,Closed,,Spring 2025,1/21/2025 12:00:00 AM,Spring 2025,Spring 2025,Morning,Data Science Methods for Large Scale Graphs,0
EN Applied Mathematics & Statistics,None,Hodson,EN,3.00,5,01^16:30:00,EN Applied Mathematics & Statistics,,In-person,"R. Galeeva, H. Geman","Galeeva, Roza; Geman, Helyette esther",No,Graduate,Homewood Campus,25,MW 4:30PM - 7:30PM,EN.553.753,5,N,807767,Whiting School of Engineering,5/25,,,,01,,Closed,,Spring 2025,1/21/2025 12:00:00 AM,Spring 2025,Spring 2025,Other,"Commodity Markets: Electricity and Natural Gas, Oil, Metals, and Agriculturals",0
EN Applied Mathematics & Statistics^EN Robotics,None,Bloomberg,EN,3.00,5,01^12:00:00,EN Applied Mathematics & Statistics,,In-person,M. Diaz Diaz,"Diaz Diaz, Mateo",No,Graduate,Homewood Campus,45,MW 12:00PM - 1:15PM,EN.553.762,10,N,807766,Whiting School of Engineering,10/45,,,,01,,Closed,,Spring 2025,1/21/2025 12:00:00 AM,Spring 2025,Spring 2025,Afternoon,Nonlinear Optimization II,0
EN Applied Mathematics & Statistics,None,"Gilman, Maryland",EN,3.00,10,02^16:30:00,EN Applied Mathematics & Statistics,,"In-person, In-person",J. Spall,"Spall, James Charles",No,Graduate,Homewood Campus,20,"T 4:30PM - 6:20PM, Th 4:30PM - 5:20PM",EN.553.764,6,N,816243,Whiting School of Engineering,6/20,,,,01,,Closed,,Spring 2025,1/21/2025 12:00:00 AM,Spring 2025,Spring 2025,Other,"Modeling, Simulation, and Monte Carlo",0
EN Applied Mathematics & Statistics,None,Bloomberg,EN,3.00,10,02^16:30:00,EN Applied Mathematics & Statistics,,In-person,A. Basu,"Basu, Amitabh",No,Graduate,Homewood Campus,45,TTh 4:30PM - 5:45PM,EN.553.766,14,N,807816,Whiting School of Engineering,14/45,,,,01,,Closed,,Spring 2025,1/21/2025 12:00:00 AM,Spring 2025,Spring 2025,Afternoon,Combinatorial Optimization,0
AS Physics & Astronomy^EN Applied Mathematics & Statistics,None,Olin,EN,3.00,10,02^18:30:00,EN Applied Mathematics & Statistics,,In-person,G. Eyink,"Eyink, Gregory Lawrence",No,Graduate,Homewood Campus,24,TTh 6:30PM - 7:45PM,EN.553.793,15,N,816244,Whiting School of Engineering,15/24,,,,01,,Closed,,Spring 2025,1/21/2025 12:00:00 AM,Spring 2025,Spring 2025,Evening,Turbulence Theory,0
EN Applied Mathematics & Statistics^EN Robotics,None,Hodson,EN,3.00,5,01^16:30:00,EN Applied Mathematics & Statistics,,In-person,A. Sun,"Sun, Ao",No,Graduate,Homewood Campus,25,MW 4:30PM - 5:45PM,EN.553.797,8,N,807881,Whiting School of Engineering,8/25,,,,01,,Closed,,Spring 2025,1/21/2025 12:00:00 AM,Spring 2025,Spring 2025,Afternoon,Introduction to Control Theory and Optimal Control,0
EN Applied Mathematics & Statistics,None,,EN,3.00 - 20.00,0,99,EN Applied Mathematics & Statistics,,In-person,G. Eyink,"Eyink, Gregory Lawrence",No,Graduate,Homewood Campus,10,,EN.553.800,8,Y,807851,Whiting School of Engineering,8/10,,,,01,,Closed,,Spring 2025,1/21/2025 12:00:00 AM,Spring 2025,Spring 2025,Other,Dissertation Research,0
EN Applied Mathematics & Statistics,None,,EN,3.00 - 20.00,0,99,EN Applied Mathematics & Statistics,,In-person,T. Kunisky,"Kunisky, Tim",No,Graduate,Homewood Campus,10,,EN.553.800,8,Y,807852,Whiting School of Engineering,8/10,,,,02,,Closed,,Spring 2025,1/21/2025 12:00:00 AM,Spring 2025,Spring 2025,Other,Dissertation Research,0
EN Applied Mathematics & Statistics,None,,EN,3.00 - 20.00,0,99,EN Applied Mathematics & Statistics,,In-person,D. Fishkind,"Fishkind, Donniell",No,Graduate,Homewood Campus,10,,EN.553.800,8,Y,807853,Whiting School of Engineering,8/10,,,,03,,Closed,,Spring 2025,1/21/2025 12:00:00 AM,Spring 2025,Spring 2025,Other,Dissertation Research,0
EN Applied Mathematics & Statistics,None,,EN,3.00 - 20.00,0,99,EN Applied Mathematics & Statistics,,In-person,D. Geman,"Geman, Donald J",No,Graduate,Homewood Campus,10,,EN.553.800,9,Y,807854,Whiting School of Engineering,9/10,,,,04,,Closed,,Spring 2025,1/21/2025 12:00:00 AM,Spring 2025,Spring 2025,Other,Dissertation Research,0
EN Applied Mathematics & Statistics,None,,EN,3.00 - 20.00,0,99,EN Applied Mathematics & Statistics,,In-person,A. Basu,"Basu, Amitabh",No,Graduate,Homewood Campus,10,,EN.553.800,8,Y,807855,Whiting School of Engineering,8/10,,,,05,,Closed,,Spring 2025,1/21/2025 12:00:00 AM,Spring 2025,Spring 2025,Other,Dissertation Research,0
EN Applied Mathematics & Statistics,None,,EN,3.00 - 20.00,0,99,EN Applied Mathematics & Statistics,,In-person,B. Grimmer,"Grimmer, Ben",No,Graduate,Homewood Campus,10,,EN.553.800,4,Y,807856,Whiting School of Engineering,4/10,,,,06,,Closed,,Spring 2025,1/21/2025 12:00:00 AM,Spring 2025,Spring 2025,Other,Dissertation Research,0
EN Applied Mathematics & Statistics,None,,EN,3.00 - 20.00,0,99,EN Applied Mathematics & Statistics,,In-person,D. Naiman,"Naiman, Dan Q",No,Graduate,Homewood Campus,10,,EN.553.800,8,Y,807857,Whiting School of Engineering,8/10,,,,07,,Closed,,Spring 2025,1/21/2025 12:00:00 AM,Spring 2025,Spring 2025,Other,Dissertation Research,0
EN Applied Mathematics & Statistics,None,,EN,3.00 - 20.00,0,99,EN Applied Mathematics & Statistics,,In-person,C. Priebe,"Priebe, Carey",No,Graduate,Homewood Campus,15,,EN.553.800,11,Y,807858,Whiting School of Engineering,11/15,,,,08,,Closed,,Spring 2025,1/21/2025 12:00:00 AM,Spring 2025,Spring 2025,Other,Dissertation Research,0
EN Applied Mathematics & Statistics,None,,EN,3.00 - 20.00,0,99,EN Applied Mathematics & Statistics,,In-person,E. Scheinerman,"Scheinerman, Ed",No,Graduate,Homewood Campus,10,,EN.553.800,10,Y,807859,Whiting School of Engineering,10/10,,,,09,,Closed,,Spring 2025,1/21/2025 12:00:00 AM,Spring 2025,Spring 2025,Other,Dissertation Research,0
EN Applied Mathematics & Statistics,None,,EN,3.00 - 20.00,0,99,EN Applied Mathematics & Statistics,,In-person,J. Wierman,"Wierman, John Charles",No,Graduate,Homewood Campus,10,,EN.553.800,10,Y,807860,Whiting School of Engineering,10/10,,,,10,,Closed,,Spring 2025,1/21/2025 12:00:00 AM,Spring 2025,Spring 2025,Other,Dissertation Research,0
EN Applied Mathematics & Statistics,None,,EN,3.00 - 20.00,0,99,EN Applied Mathematics & Statistics,,In-person,L. Younes,"Younes, Laurent",No,Graduate,Homewood Campus,10,,EN.553.800,7,Y,807861,Whiting School of Engineering,7/10,,,,11,,Closed,,Spring 2025,1/21/2025 12:00:00 AM,Spring 2025,Spring 2025,Other,Dissertation Research,0
EN Applied Mathematics & Statistics,None,,EN,3.00 - 20.00,0,99,EN Applied Mathematics & Statistics,,In-person,J. Spall,"Spall, James Charles",No,Graduate,Homewood Campus,10,,EN.553.800,9,Y,807862,Whiting School of Engineering,9/10,,,,12,,Closed,,Spring 2025,1/21/2025 12:00:00 AM,Spring 2025,Spring 2025,Other,Dissertation Research,0
EN Applied Mathematics & Statistics,None,,EN,3.00 - 20.00,0,99,EN Applied Mathematics & Statistics,,In-person,T. Budavari,"Budavari, Tamas",No,Graduate,Homewood Campus,10,,EN.553.800,7,Y,807863,Whiting School of Engineering,7/10,,,,13,,Closed,,Spring 2025,1/21/2025 12:00:00 AM,Spring 2025,Spring 2025,Other,Dissertation Research,0
EN Applied Mathematics & Statistics,None,,EN,3.00 - 20.00,0,99,EN Applied Mathematics & Statistics,,In-person,H. Geman,"Geman, Helyette esther",No,Graduate,Homewood Campus,10,,EN.553.800,9,Y,807864,Whiting School of Engineering,9/10,,,,14,,Closed,,Spring 2025,1/21/2025 12:00:00 AM,Spring 2025,Spring 2025,Other,Dissertation Research,0
EN Applied Mathematics & Statistics,None,,EN,3.00 - 20.00,0,99,EN Applied Mathematics & Statistics,,In-person,S. Villar,"Villar, Soledad",No,Graduate,Homewood Campus,10,,EN.553.800,6,Y,807865,Whiting School of Engineering,6/10,,,,15,,Closed,,Spring 2025,1/21/2025 12:00:00 AM,Spring 2025,Spring 2025,Other,Dissertation Research,0
EN Applied Mathematics & Statistics,None,,EN,3.00 - 20.00,0,99,EN Applied Mathematics & Statistics,,In-person,Y. Xu,"Xu, Yanxun",No,Graduate,Homewood Campus,10,,EN.553.800,3,Y,807866,Whiting School of Engineering,3/10,,,,16,,Closed,,Spring 2025,1/21/2025 12:00:00 AM,Spring 2025,Spring 2025,Other,Dissertation Research,0
EN Applied Mathematics & Statistics,None,,EN,3.00 - 20.00,0,99,EN Applied Mathematics & Statistics,,In-person,N. Charon,"Charon, Nicolas",No,Graduate,Homewood Campus,10,,EN.553.800,10,Y,807867,Whiting School of Engineering,10/10,,,,17,,Closed,,Spring 2025,1/21/2025 12:00:00 AM,Spring 2025,Spring 2025,Other,Dissertation Research,0
EN Applied Mathematics & Statistics,None,,EN,3.00 - 20.00,0,99,EN Applied Mathematics & Statistics,,In-person,M. Bichuch,"Bichuch, Maxim",No,Graduate,Homewood Campus,10,,EN.553.800,9,Y,807868,Whiting School of Engineering,9/10,,,,18,,Closed,,Spring 2025,1/21/2025 12:00:00 AM,Spring 2025,Spring 2025,Other,Dissertation Research,0
EN Applied Mathematics & Statistics,None,,EN,3.00 - 20.00,0,99,EN Applied Mathematics & Statistics,,In-person,Y. Kevrekidis,"Kevrekidis, Yannis G",No,Graduate,Homewood Campus,10,,EN.553.800,10,Y,807869,Whiting School of Engineering,10/10,,,,19,,Closed,,Spring 2025,1/21/2025 12:00:00 AM,Spring 2025,Spring 2025,Other,Dissertation Research,0
EN Applied Mathematics & Statistics,None,,EN,3.00 - 20.00,0,99,EN Applied Mathematics & Statistics,,In-person,M. Maggioni,"Maggioni, Mauro",No,Graduate,Homewood Campus,10,,EN.553.800,9,Y,807870,Whiting School of Engineering,9/10,,,,20,,Closed,,Spring 2025,1/21/2025 12:00:00 AM,Spring 2025,Spring 2025,Other,Dissertation Research,0
EN Applied Mathematics & Statistics,None,,EN,3.00 - 20.00,0,99,EN Applied Mathematics & Statistics,,In-person,H. Lee,"Lee, Holden",No,Graduate,Homewood Campus,10,,EN.553.800,9,Y,807871,Whiting School of Engineering,9/10,,,,21,,Closed,,Spring 2025,1/21/2025 12:00:00 AM,Spring 2025,Spring 2025,Other,Dissertation Research,0
EN Applied Mathematics & Statistics,None,,EN,3.00 - 20.00,0,99,EN Applied Mathematics & Statistics,,In-person,H. Cao,"Cao, Haoyang",No,Graduate,Homewood Campus,10,,EN.553.800,9,Y,807872,Whiting School of Engineering,9/10,,,,22,,Closed,,Spring 2025,1/21/2025 12:00:00 AM,Spring 2025,Spring 2025,Other,Dissertation Research,0
EN Applied Mathematics & Statistics,None,,EN,3.00 - 20.00,0,99,EN Applied Mathematics & Statistics,,In-person,N. Loizou,"Loizou, Nicolas",No,Graduate,Homewood Campus,10,,EN.553.800,8,Y,807873,Whiting School of Engineering,8/10,,,,23,,Closed,,Spring 2025,1/21/2025 12:00:00 AM,Spring 2025,Spring 2025,Other,Dissertation Research,0
EN Applied Mathematics & Statistics,None,,EN,3.00 - 20.00,0,99,EN Applied Mathematics & Statistics,,In-person,M. Diaz Diaz,"Diaz Diaz, Mateo",No,Graduate,Homewood Campus,10,,EN.553.800,6,Y,807874,Whiting School of Engineering,6/10,,,,24,,Closed,,Spring 2025,1/21/2025 12:00:00 AM,Spring 2025,Spring 2025,Other,Dissertation Research,0
EN Applied Mathematics & Statistics,None,,EN,3.00 - 20.00,0,99,EN Applied Mathematics & Statistics,,In-person,D. Gnang,"Gnang, DrG Koffi",No,Graduate,Homewood Campus,10,,EN.553.800,6,Y,807875,Whiting School of Engineering,6/10,,,,25,,Closed,,Spring 2025,1/21/2025 12:00:00 AM,Spring 2025,Spring 2025,Other,Dissertation Research,0
EN Applied Mathematics & Statistics,None,,EN,3.00 - 20.00,0,99,EN Applied Mathematics & Statistics,,In-person,H. Lee,"Lee, Holden",No,Graduate,Homewood Campus,10,,EN.553.800,8,Y,807876,Whiting School of Engineering,8/10,,,,26,,Closed,,Spring 2025,1/21/2025 12:00:00 AM,Spring 2025,Spring 2025,Other,Dissertation Research,0
EN Applied Mathematics & Statistics,None,,EN,3.00 - 20.00,0,99,EN Applied Mathematics & Statistics,,In-person,N. Trayanova,"Trayanova, Natalia Alexandrova",No,Graduate,Homewood Campus,10,,EN.553.800,9,Y,807877,Whiting School of Engineering,9/10,,,,27,,Closed,,Spring 2025,1/21/2025 12:00:00 AM,Spring 2025,Spring 2025,Other,Dissertation Research,0
EN Applied Mathematics & Statistics,None,,EN,3.00 - 20.00,0,99,EN Applied Mathematics & Statistics,,In-person,F. Santosa,"Santosa, Fadil",No,Graduate,Homewood Campus,10,,EN.553.800,9,Y,807878,Whiting School of Engineering,9/10,,,,28,,Closed,,Spring 2025,1/21/2025 12:00:00 AM,Spring 2025,Spring 2025,Other,Dissertation Research,0
EN Applied Mathematics & Statistics,None,,EN,3.00 - 20.00,0,99,EN Applied Mathematics & Statistics,,In-person,L. Ruiz,"Ruiz, Luana Ianara",No,Graduate,Homewood Campus,10,,EN.553.800,6,Y,807879,Whiting School of Engineering,6/10,,,,29,,Closed,,Spring 2025,1/21/2025 12:00:00 AM,Spring 2025,Spring 2025,Other,Dissertation Research,0
EN Applied Mathematics & Statistics,None,,EN,3.00 - 20.00,0,99,EN Applied Mathematics & Statistics,,In-person,E. Mallada,"Mallada, Enrique",No,Graduate,Homewood Campus,10,,EN.553.800,9,Y,807880,Whiting School of Engineering,9/10,,,,30,,Closed,,Spring 2025,1/21/2025 12:00:00 AM,Spring 2025,Spring 2025,Other,Dissertation Research,0
EN Applied Mathematics & Statistics,None,,EN,3.00 - 20.00,0,99,EN Applied Mathematics & Statistics,,In-person,E. O'Reilly,"O'Reilly, Eliza",No,Graduate,Homewood Campus,10,,EN.553.800,9,Y,831357,Whiting School of Engineering,9/10,,,,31,,Closed,,Spring 2025,1/21/2025 12:00:00 AM,Spring 2025,Spring 2025,Other,Dissertation Research,0
EN Applied Mathematics & Statistics,None,,EN,3.00 - 20.00,0,99,EN Applied Mathematics & Statistics,,In-person,J. Fill,"Fill, Jim A",No,Graduate,Homewood Campus,10,,EN.553.800,9,Y,833638,Whiting School of Engineering,9/10,,,,32,,Closed,,Spring 2025,1/21/2025 12:00:00 AM,Spring 2025,Spring 2025,Other,Dissertation Research,0
EN Applied Mathematics & Statistics,None,Gilman,EN,1.00,8,04^13:30:00,EN Applied Mathematics & Statistics,,In-person,M. Diaz Diaz,"Diaz Diaz, Mateo",No,Graduate,Homewood Campus,90,Th 1:30PM - 2:45PM,EN.553.801,3,N,807678,Whiting School of Engineering,3/90,,,,01,,Closed,,Spring 2025,1/21/2025 12:00:00 AM,Spring 2025,Spring 2025,Afternoon,Department Seminar,0
EN Applied Mathematics & Statistics,None,,EN,3.00 - 5.00,0,99,EN Applied Mathematics & Statistics,,Independent Study,D. Gnang,"Gnang, DrG Koffi",No,Graduate Independent Academic Work,Homewood Campus,3,,EN.553.802,3,N,807889,Whiting School of Engineering,3/3,,,,01,,Closed,,Spring 2025,1/21/2025 12:00:00 AM,Spring 2025,Spring 2025,Other,Graduate Independent Study,N/A
EN Applied Mathematics & Statistics,None,,EN,3.00 - 5.00,0,99,EN Applied Mathematics & Statistics,,Independent Study,D. Audley,"Audley, David",No,Graduate Independent Academic Work,Homewood Campus,10,,EN.553.802,10,N,807890,Whiting School of Engineering,10/10,,,,02,,Closed,,Spring 2025,1/21/2025 12:00:00 AM,Spring 2025,Spring 2025,Other,Graduate Independent Study,N/A
EN Applied Mathematics & Statistics,None,,EN,3.00 - 5.00,0,99,EN Applied Mathematics & Statistics,,Independent Study,F. Santosa,"Santosa, Fadil",No,Graduate Independent Academic Work,Homewood Campus,10,,EN.553.802,9,N,807891,Whiting School of Engineering,9/10,,,,03,,Closed,,Spring 2025,1/21/2025 12:00:00 AM,Spring 2025,Spring 2025,Other,Graduate Independent Study,N/A
EN Applied Mathematics & Statistics,None,,EN,3.00 - 5.00,0,99,EN Applied Mathematics & Statistics,,Independent Study,J. Schmidt,"Schmidt, James",No,Graduate Independent Academic Work,Homewood Campus,10,,EN.553.802,10,N,807892,Whiting School of Engineering,10/10,,,,04,,Closed,,Spring 2025,1/21/2025 12:00:00 AM,Spring 2025,Spring 2025,Other,Graduate Independent Study,N/A
EN Applied Mathematics & Statistics,None,,EN,3.00 - 5.00,0,99,EN Applied Mathematics & Statistics,,Independent Study,S. Acharya,"Acharya, Subas",No,Graduate Independent Academic Work,Homewood Campus,10,,EN.553.802,10,N,807893,Whiting School of Engineering,10/10,,,,05,,Closed,,Spring 2025,1/21/2025 12:00:00 AM,Spring 2025,Spring 2025,Other,Graduate Independent Study,N/A
EN Applied Mathematics & Statistics,Q,,EN,3.00 - 6.00,0,99,EN Applied Mathematics & Statistics,,Independent Study,L. Wetzelberger,"Wetzelberger, Lisa",No,Graduate Independent Academic Work,Homewood Campus,45,,EN.553.806,2,Y,807930,Whiting School of Engineering,2/45,,,,01,,Closed,,Spring 2025,1/21/2025 12:00:00 AM,Spring 2025,Spring 2025,Other,Capstone Experience in Data Science,N/A
EN Applied Mathematics & Statistics,None,,EN,3.00 - 10.00,0,99,EN Applied Mathematics & Statistics,,In-person,J. Spall,"Spall, James Charles",No,Graduate Independent Academic Work,Homewood Campus,10,,EN.553.809,8,Y,808086,Whiting School of Engineering,8/10,,,,01,,Closed,,Spring 2025,1/21/2025 12:00:00 AM,Spring 2025,Spring 2025,Other,Master's Research,0
EN Applied Mathematics & Statistics,None,,EN,3.00 - 10.00,0,99,EN Applied Mathematics & Statistics,,In-person,Z. Lubberts,"Lubberts, Zachary",No,Graduate Independent Academic Work,Homewood Campus,10,,EN.553.809,10,Y,808087,Whiting School of Engineering,10/10,,,,02,,Closed,,Spring 2025,1/21/2025 12:00:00 AM,Spring 2025,Spring 2025,Other,Master's Research,0
EN Applied Mathematics & Statistics,None,,EN,3.00 - 10.00,0,99,EN Applied Mathematics & Statistics,,In-person,J. Wierman,"Wierman, John Charles",No,Graduate Independent Academic Work,Homewood Campus,10,,EN.553.809,9,Y,808088,Whiting School of Engineering,9/10,,,,03,,Closed,,Spring 2025,1/21/2025 12:00:00 AM,Spring 2025,Spring 2025,Other,Master's Research,0
EN Applied Mathematics & Statistics,None,,EN,3.00 - 10.00,0,99,EN Applied Mathematics & Statistics,,In-person,M. Villar Lozano,"Villar Lozano, Maria",No,Graduate Independent Academic Work,Homewood Campus,10,,EN.553.809,10,Y,808089,Whiting School of Engineering,10/10,,,,04,,Closed,,Spring 2025,1/21/2025 12:00:00 AM,Spring 2025,Spring 2025,Other,Master's Research,0
EN Applied Mathematics & Statistics,None,,EN,3.00 - 10.00,0,99,EN Applied Mathematics & Statistics,,In-person,T. Budavari,"Budavari, Tamas",No,Graduate Independent Academic Work,Homewood Campus,10,,EN.553.809,8,Y,808090,Whiting School of Engineering,8/10,,,,05,,Closed,,Spring 2025,1/21/2025 12:00:00 AM,Spring 2025,Spring 2025,Other,Master's Research,0
EN Applied Mathematics & Statistics,None,,EN,3.00 - 10.00,0,99,EN Applied Mathematics & Statistics,,In-person,A. Clark,"Clark, Antwan D.",No,Graduate Independent Academic Work,Homewood Campus,10,,EN.553.809,9,Y,808091,Whiting School of Engineering,9/10,,,,06,,Closed,,Spring 2025,1/21/2025 12:00:00 AM,Spring 2025,Spring 2025,Other,Master's Research,0
EN Applied Mathematics & Statistics,None,,EN,3.00 - 10.00,0,99,EN Applied Mathematics & Statistics,,In-person,B. Grimmer,"Grimmer, Ben",No,Graduate Independent Academic Work,Homewood Campus,10,,EN.553.809,9,Y,808092,Whiting School of Engineering,9/10,,,,07,,Closed,,Spring 2025,1/21/2025 12:00:00 AM,Spring 2025,Spring 2025,Other,Master's Research,0
EN Applied Mathematics & Statistics,None,,EN,3.00 - 10.00,0,99,EN Applied Mathematics & Statistics,,In-person,D. Naiman,"Naiman, Dan Q",No,Graduate Independent Academic Work,Homewood Campus,10,,EN.553.809,10,Y,808093,Whiting School of Engineering,10/10,,,,08,,Closed,,Spring 2025,1/21/2025 12:00:00 AM,Spring 2025,Spring 2025,Other,Master's Research,0
EN Applied Mathematics & Statistics,None,,EN,3.00 - 10.00,0,99,EN Applied Mathematics & Statistics,,In-person,A. Basu,"Basu, Amitabh",No,Graduate Independent Academic Work,Homewood Campus,10,,EN.553.809,8,Y,808094,Whiting School of Engineering,8/10,,,,09,,Closed,,Spring 2025,1/21/2025 12:00:00 AM,Spring 2025,Spring 2025,Other,Master's Research,0
EN Applied Mathematics & Statistics,None,,EN,3.00 - 10.00,0,99,EN Applied Mathematics & Statistics,,In-person,M. Maggioni,"Maggioni, Mauro",No,Graduate Independent Academic Work,Homewood Campus,10,,EN.553.809,10,Y,808095,Whiting School of Engineering,10/10,,,,10,,Closed,,Spring 2025,1/21/2025 12:00:00 AM,Spring 2025,Spring 2025,Other,Master's Research,0
EN Applied Mathematics & Statistics,None,,EN,3.00 - 10.00,0,99,EN Applied Mathematics & Statistics,,In-person,F. Santosa,"Santosa, Fadil",No,Graduate Independent Academic Work,Homewood Campus,10,,EN.553.809,10,Y,808096,Whiting School of Engineering,10/10,,,,11,,Closed,,Spring 2025,1/21/2025 12:00:00 AM,Spring 2025,Spring 2025,Other,Master's Research,0
EN Applied Mathematics & Statistics,None,,EN,3.00 - 10.00,0,99,EN Applied Mathematics & Statistics,,In-person,D. Gnang,"Gnang, DrG Koffi",No,Graduate Independent Academic Work,Homewood Campus,10,,EN.553.809,10,Y,808097,Whiting School of Engineering,10/10,,,,12,,Closed,,Spring 2025,1/21/2025 12:00:00 AM,Spring 2025,Spring 2025,Other,Master's Research,0
EN Applied Mathematics & Statistics,None,,EN,3.00 - 10.00,0,99,EN Applied Mathematics & Statistics,,In-person,H. Geman,"Geman, Helyette esther",No,Graduate Independent Academic Work,Homewood Campus,10,,EN.553.809,10,Y,808098,Whiting School of Engineering,10/10,,,,13,,Closed,,Spring 2025,1/21/2025 12:00:00 AM,Spring 2025,Spring 2025,Other,Master's Research,0
EN Applied Mathematics & Statistics,None,,EN,3.00 - 10.00,0,99,EN Applied Mathematics & Statistics,,In-person,H. Lee,"Lee, Holden",No,Graduate Independent Academic Work,Homewood Campus,10,,EN.553.809,10,Y,808099,Whiting School of Engineering,10/10,,,,14,,Closed,,Spring 2025,1/21/2025 12:00:00 AM,Spring 2025,Spring 2025,Other,Master's Research,0
EN Applied Mathematics & Statistics,None,,EN,3.00 - 10.00,0,99,EN Applied Mathematics & Statistics,,In-person,E. Fertig,"Fertig, Elana",No,Graduate Independent Academic Work,Homewood Campus,10,,EN.553.809,10,Y,808100,Whiting School of Engineering,10/10,,,,15,,Closed,,Spring 2025,1/21/2025 12:00:00 AM,Spring 2025,Spring 2025,Other,Master's Research,0
EN Applied Mathematics & Statistics,None,,EN,3.00 - 10.00,0,99,EN Applied Mathematics & Statistics,,In-person,M. Micheli,"Micheli, Mario",No,Graduate Independent Academic Work,Homewood Campus,10,,EN.553.809,9,Y,830079,Whiting School of Engineering,9/10,,,,16,,Closed,,Spring 2025,1/21/2025 12:00:00 AM,Spring 2025,Spring 2025,Other,Master's Research,0
EN Applied Mathematics & Statistics,None,,EN,3.00 - 10.00,0,99,EN Applied Mathematics & Statistics,,In-person,L. Younes,"Younes, Laurent",No,Graduate Independent Academic Work,Homewood Campus,10,,EN.553.809,7,Y,830135,Whiting School of Engineering,7/10,,,,17,,Closed,,Spring 2025,1/21/2025 12:00:00 AM,Spring 2025,Spring 2025,Other,Master's Research,0
EN Applied Mathematics & Statistics,None,,EN,3.00 - 10.00,0,99,EN Applied Mathematics & Statistics,,In-person,E. O'Reilly,"O'Reilly, Eliza",No,Graduate Independent Academic Work,Homewood Campus,10,,EN.553.809,9,Y,832432,Whiting School of Engineering,9/10,,,,18,,Closed,,Spring 2025,1/21/2025 12:00:00 AM,Spring 2025,Spring 2025,Other,Master's Research,0
EN Applied Mathematics & Statistics,None,,EN,3.00 - 10.00,0,99,EN Applied Mathematics & Statistics,,In-person,F. Lu,"Lu, Fei",No,Graduate Independent Academic Work,Homewood Campus,10,,EN.553.809,9,Y,834828,Whiting School of Engineering,9/10,,,,19,,Closed,,Spring 2025,1/21/2025 12:00:00 AM,Spring 2025,Spring 2025,Other,Master's Research,0
EN Applied Mathematics & Statistics,None,,EN,3.00 - 10.00,0,99,EN Applied Mathematics & Statistics,,In-person,Y. Xu,"Xu, Yanxun",No,Graduate Independent Academic Work,Homewood Campus,10,,EN.553.809,8,Y,835952,Whiting School of Engineering,8/10,,,,20,,Closed,,Spring 2025,1/21/2025 12:00:00 AM,Spring 2025,Spring 2025,Other,Master's Research,0
EN Applied Mathematics & Statistics,None,,EN,3.00 - 10.00,0,99,EN Applied Mathematics & Statistics,,In-person,T. Kunisky,"Kunisky, Tim",No,Graduate Independent Academic Work,Homewood Campus,10,,EN.553.809,9,Y,834895,Whiting School of Engineering,9/10,,,,21,,Closed,,Spring 2025,1/21/2025 12:00:00 AM,Spring 2025,Spring 2025,Other,Master's Research,0
EN Applied Mathematics & Statistics,None,Remsen Hall,EN,1.00,2,02^13:30:00,EN Applied Mathematics & Statistics,,In-person,"J. Miller, D. Naiman","Miller, John C; Naiman, Dan Q",No,Graduate,Homewood Campus,75,T 1:30PM - 2:50PM,EN.553.847,43,Y,807765,Whiting School of Engineering,43/75,,,,01,,Closed,,Spring 2025,1/21/2025 12:00:00 AM,Spring 2025,Spring 2025,Afternoon,Financial Mathematics Masters Seminar,0
